datetime,open,close,high,low,volume,ma120
2021-02-18,5922.07,5768.38,5930.91,5747.66,218848686,
2021-02-19,5734.02,5778.84,5787.89,5667.32,214475781,
2021-02-22,5785.51,5597.33,5785.51,5597.33,282124383,
2021-02-23,5542.68,5579.67,5644.76,5541.11,233807726,
2021-02-24,5591.48,5437.57,5598.83,5379.73,225428611,
2021-02-25,5494.47,5469.56,5527.63,5444.16,230736028,
2021-02-26,5343.9,5336.76,5416.32,5318.86,212264543,
2021-03-01,5389.25,5418.78,5421.56,5345.94,177463524,
2021-03-02,5453.28,5349.63,5454.97,5305.05,196511114,
2021-03-03,5327.35,5452.21,5452.4,5316.48,194709053,
2021-03-04,5388.48,5280.71,5392.37,5254.78,212775212,
2021-03-05,5191.97,5262.8,5307.82,5174.25,202627955,
2021-03-08,5299.79,5080.02,5326.26,5079.8,230231634,
2021-03-09,5066.15,4971.0,5094.31,4917.91,230711004,
2021-03-10,5047.06,5003.61,5055.28,4981.62,169928489,
2021-03-11,5024.56,5128.22,5138.41,5020.58,189600765,
2021-03-12,5153.67,5146.38,5153.67,5086.82,201020590,
2021-03-15,5116.12,5035.54,5120.88,4992.4,204153083,
2021-03-16,5054.41,5079.36,5084.31,5009.95,161390054,
2021-03-17,5062.77,5100.86,5123.55,5020.13,149162376,
2021-03-18,5114.59,5141.77,5160.46,5111.13,142901519,
2021-03-19,5068.53,5007.09,5089.92,4980.76,164174848,
2021-03-22,5008.4,5057.15,5071.34,4996.54,167402632,
2021-03-23,5057.06,5009.25,5064.02,4966.53,158013967,
2021-03-24,4985.4,4928.69,5024.33,4919.89,159385981,
2021-03-25,4904.07,4926.35,4950.76,4883.66,132945188,
2021-03-26,4953.95,5037.99,5050.83,4953.95,145926697,
2021-03-29,5052.26,5046.88,5086.65,5010.39,143388216,
2021-03-30,5043.1,5094.73,5106.04,5032.8,138618560,
2021-03-31,5085.95,5048.36,5085.95,5015.61,141335744,
2021-04-01,5059.94,5110.78,5115.43,5056.87,120324890,
2021-04-02,5129.85,5161.56,5169.83,5116.35,127002255,
2021-04-06,5178.64,5140.34,5181.15,5125.33,109834209,
2021-04-07,5141.66,5103.74,5141.66,5065.19,145763748,
2021-04-08,5078.26,5112.21,5129.13,5062.07,141771046,
2021-04-09,5100.04,5035.34,5100.04,5022.09,128416509,
2021-04-12,5026.98,4947.75,5045.6,4933.01,152644314,
2021-04-13,4949.81,4939.64,4994.54,4924.2,132919357,
2021-04-14,4945.69,4980.63,4987.12,4940.27,120860838,
2021-04-15,4969.91,4948.97,4969.91,4900.3,108829384,
2021-04-16,4966.9,4966.18,4979.17,4917.96,111239923,
2021-04-19,4966.41,5087.02,5088.21,4940.75,154769825,
2021-04-20,5065.78,5083.37,5119.86,5058.92,136541701,
2021-04-21,5055.24,5098.74,5110.56,5047.99,124637276,
2021-04-22,5114.28,5089.24,5119.22,5067.14,121167644,
2021-04-23,5088.83,5135.45,5149.98,5086.49,122056991,
2021-04-26,5156.59,5077.24,5181.11,5072.96,151381967,
2021-04-27,5076.64,5090.52,5095.98,5042.61,123961838,
2021-04-28,5073.97,5119.24,5119.45,5059.26,120620319,
2021-04-29,5128.28,5164.17,5170.59,5113.65,140092480,
2021-04-30,5156.36,5123.49,5163.25,5094.93,160121620,
2021-05-06,5098.8,5061.12,5132.9,5037.41,158822630,
2021-05-07,5073.46,4996.05,5093.75,4996.04,172258322,
2021-05-10,5001.44,4992.42,5019.39,4953.7,170820585,
2021-05-11,4956.08,5023.06,5033.49,4925.92,151526497,
2021-05-12,5003.82,5044.55,5051.17,4995.4,126619087,
2021-05-13,4992.35,4992.97,5022.08,4975.45,132279406,
2021-05-14,5007.63,5110.59,5112.98,4981.29,159426181,
2021-05-17,5115.31,5184.99,5206.69,5115.31,153889633,
2021-05-18,5190.93,5187.6,5201.67,5156.79,118404260,
2021-05-19,5173.17,5172.27,5193.56,5151.64,118729984,
2021-05-20,5167.05,5186.41,5201.59,5152.04,138454776,
2021-05-21,5199.13,5134.15,5216.16,5123.12,124768484,
2021-05-24,5138.81,5155.59,5155.59,5092.39,126742336,
2021-05-25,5165.04,5318.48,5324.36,5161.52,182996838,
2021-05-26,5326.12,5320.59,5344.28,5308.74,169607096,
2021-05-27,5311.37,5338.23,5378.48,5286.05,148462856,
2021-05-28,5338.73,5321.09,5360.28,5288.65,164605806,
2021-05-31,5318.08,5331.57,5331.63,5281.69,144603269,
2021-06-01,5320.47,5341.68,5343.75,5269.26,143831475,
2021-06-02,5348.34,5289.97,5352.64,5266.79,137754319,
2021-06-03,5285.71,5255.29,5314.37,5255.07,141968878,
2021-06-04,5228.28,5282.28,5334.49,5221.23,144732088,
2021-06-07,5284.89,5277.63,5286.84,5242.95,127704970,
2021-06-08,5276.97,5232.12,5319.04,5201.14,130559532,
2021-06-09,5224.95,5236.45,5253.36,5215.35,121820321,
2021-06-10,5236.47,5271.47,5299.53,5229.52,138991967,
2021-06-11,5275.75,5224.7,5276.1,5213.6,180807173,
2021-06-15,5218.56,5166.56,5225.5,5137.41,142880059,
2021-06-16,5163.25,5080.49,5164.52,5076.02,125147986,
2021-06-17,5074.38,5101.89,5123.37,5073.82,120452518,
2021-06-18,5104.93,5102.47,5128.03,5064.92,148585805,
2021-06-21,5088.09,5090.39,5123.78,5058.57,132184517,
2021-06-22,5106.07,5122.16,5125.82,5086.28,130416753,
2021-06-23,5127.19,5147.39,5171.03,5109.76,136356058,
2021-06-24,5156.56,5155.97,5160.43,5120.58,126685624,
2021-06-25,5159.8,5239.97,5251.61,5157.48,154931062,
2021-06-28,5253.61,5251.76,5260.64,5226.22,133193784,
2021-06-29,5248.52,5190.54,5248.52,5182.68,125162998,
2021-06-30,5189.38,5224.04,5231.43,5186.63,103752671,
2021-07-01,5241.2,5229.66,5252.26,5190.88,127240620,
2021-07-02,5186.66,5081.12,5186.66,5074.36,130426424,
2021-07-05,5073.78,5085.79,5098.23,5048.0,131211589,
2021-07-06,5089.78,5083.1,5092.21,5028.51,140655219,
2021-07-07,5052.42,5140.49,5152.77,5045.41,148549061,
2021-07-08,5149.31,5088.26,5151.22,5078.93,173901007,
2021-07-09,5063.15,5069.44,5081.41,5006.41,160653225,
2021-07-12,5108.38,5132.71,5159.41,5070.32,206212040,
2021-07-13,5128.61,5142.1,5154.05,5114.94,166482209,
2021-07-14,5130.75,5083.08,5130.75,5075.13,188352719,
2021-07-15,5073.26,5151.46,5153.81,5067.68,181077102,
2021-07-16,5140.9,5094.77,5140.9,5090.63,169955983,
2021-07-19,5083.73,5113.49,5120.82,5047.62,153199588,
2021-07-20,5080.22,5108.99,5114.0,5067.86,129300045,
2021-07-21,5122.78,5144.04,5160.54,5122.3,167976468,
2021-07-22,5150.39,5151.75,5171.21,5137.88,185556864,
2021-07-23,5145.43,5089.23,5145.43,5080.0,216536847,
2021-07-26,5067.31,4925.3,5067.31,4859.6,228111711,
2021-07-27,4924.28,4751.31,4940.86,4749.03,236631224,
2021-07-28,4714.29,4760.48,4785.66,4663.9,192634394,
2021-07-29,4845.76,4850.27,4857.97,4800.01,173322053,
2021-07-30,4825.7,4811.17,4825.7,4761.04,182349775,
2021-08-02,4794.82,4933.74,4938.82,4761.46,227194918,
2021-08-03,4909.23,4934.46,4957.03,4890.85,203533361,
2021-08-04,4927.74,4978.85,4979.29,4919.66,175466460,
2021-08-05,4946.17,4948.67,4997.14,4921.94,167381829,
2021-08-06,4943.04,4921.56,4944.35,4891.8,154179689,
2021-08-09,4890.26,4985.56,5002.89,4884.04,182436872,
2021-08-10,4977.82,5043.15,5043.76,4941.24,167051901,
2021-08-11,5037.08,5015.34,5059.79,5009.98,182266074,5134.145
2021-08-12,4998.07,4973.35,5016.26,4962.99,168223734,5127.51975
2021-08-13,4958.76,4945.98,4993.74,4921.28,158314322,5120.57925
2021-08-16,4935.92,4941.07,4973.38,4931.37,161953372,5115.110416666666
2021-08-17,4935.0,4837.4,4967.56,4823.39,187573473,5108.9248333333335
2021-08-18,4838.47,4894.24,4909.54,4818.9,197474378,5104.397083333333
2021-08-19,4886.56,4862.14,4893.47,4839.57,201711718,5099.33525
2021-08-20,4817.49,4769.27,4835.15,4720.83,177635809,5094.6061666666665
2021-08-23,4777.73,4835.88,4843.82,4764.01,167579092,5089.748666666666
2021-08-24,4844.59,4888.39,4906.2,4842.75,197883164,5085.905
2021-08-25,4890.52,4898.16,4899.77,4865.76,189448015,5081.287916666667
2021-08-26,4892.2,4801.61,4892.2,4798.7,197617388,5077.295416666667
2021-08-27,4794.97,4827.04,4863.47,4793.59,183310211,5073.664083333334
2021-08-30,4847.03,4813.27,4849.16,4787.2,219635758,5071.4411666666665
2021-08-31,4803.09,4805.61,4821.76,4740.75,235118659,5070.062916666667
2021-09-01,4804.69,4869.46,4906.4,4763.3,326721080,5068.945000000001
2021-09-02,4865.82,4869.41,4892.7,4845.62,267858012,5066.7882500000005
2021-09-03,4875.07,4843.06,4886.55,4828.7,268091896,5064.260583333334
2021-09-06,4841.06,4933.73,4944.45,4837.79,240507246,5063.412166666666
2021-09-07,4932.98,4992.83,5005.96,4915.61,244178519,5062.691083333334
2021-09-08,4986.8,4972.13,5013.98,4955.89,264615314,5061.618333333334
2021-09-09,4952.49,4970.01,4970.15,4929.95,256530217,5060.187000000001
2021-09-10,4967.98,5013.52,5042.8,4962.37,288304353,5060.240583333333
2021-09-13,5006.77,4991.66,5029.72,4964.96,249915297,5059.694833333333
2021-09-14,4989.83,4917.16,5000.98,4907.32,245590403,5058.927416666667
2021-09-15,4903.85,4867.32,4903.85,4843.12,187984730,5058.415999999999
2021-09-16,4866.79,4807.7,4879.53,4806.14,216752100,5057.42725
2021-09-17,4797.11,4855.94,4857.96,4786.09,201958126,5055.910166666667
2021-09-22,4770.73,4821.77,4830.85,4765.23,191220375,5054.03425
2021-09-23,4848.22,4853.2,4877.34,4837.56,228151063,5052.0215
2021-09-24,4845.64,4849.43,4897.06,4838.54,207693289,5050.36375
2021-09-27,4870.85,4877.37,4922.56,4852.2,215967030,5048.4186666666665
2021-09-28,4869.08,4883.83,4901.31,4846.63,176890880,5046.10425
2021-09-29,4846.02,4833.93,4868.07,4799.88,188171366,5043.550833333333
2021-09-30,4843.95,4866.38,4876.07,4843.95,146113897,5041.572833333334
2021-10-08,4915.73,4929.94,4937.09,4891.62,168968077,5040.053916666667
2021-10-11,4941.29,4936.19,4983.73,4930.71,163511624,5039.227666666668
2021-10-12,4920.66,4883.84,4925.49,4840.77,168079337,5038.695083333334
2021-10-13,4880.14,4940.11,4953.37,4869.83,131142812,5038.699
2021-10-14,4934.26,4913.61,4953.92,4903.25,119557012,5038.1404999999995
2021-10-15,4896.56,4932.11,4939.82,4881.01,142822001,5038.0
2021-10-18,4922.51,4874.78,4922.51,4844.94,141245199,5037.238333333333
2021-10-19,4869.39,4922.72,4928.14,4868.81,135266493,5035.869166666666
2021-10-20,4926.77,4910.18,4944.02,4898.37,141533184,5034.425916666666
2021-10-21,4914.74,4928.02,4946.18,4893.85,148898153,5033.00325
2021-10-22,4934.87,4959.73,4989.89,4934.87,143926228,5031.924
2021-10-25,4940.9,4979.52,4981.65,4930.11,141861491,5030.624583333334
2021-10-26,4983.24,4963.1,5002.57,4953.48,140888942,5029.673416666667
2021-10-27,4949.23,4898.16,4949.23,4884.94,147111593,5028.070416666667
2021-10-28,4882.59,4864.14,4898.66,4846.28,156649472,5025.944583333334
2021-10-29,4861.27,4908.77,4908.77,4855.76,159887352,5023.81625
2021-11-01,4878.13,4890.69,4908.21,4858.25,171583974,5021.87625
2021-11-02,4886.18,4839.85,4911.23,4797.9,185437688,5020.032333333334
2021-11-03,4835.81,4821.11,4858.71,4804.37,142763820,5018.5745
2021-11-04,4841.09,4868.74,4873.94,4834.74,132592970,5017.543833333333
2021-11-05,4858.9,4842.35,4889.68,4841.74,147789358,5016.037916666667
2021-11-08,4841.15,4848.18,4866.08,4827.69,137398264,5014.401499999999
2021-11-09,4858.25,4846.74,4870.79,4818.54,118375526,5013.182916666667
2021-11-10,4832.8,4821.19,4832.8,4754.0,135118180,5010.771250000001
2021-11-11,4814.77,4898.65,4898.65,4809.11,160484864,5008.385083333333
2021-11-12,4902.93,4888.37,4909.08,4875.35,132662968,5005.891500000001
2021-11-15,4894.41,4882.38,4906.33,4863.4,121823150,5003.47575
2021-11-16,4880.9,4883.32,4915.37,4876.5,127254405,5000.95
2021-11-17,4883.25,4885.75,4891.52,4864.52,108459223,4998.88
2021-11-18,4871.42,4837.62,4871.42,4830.41,114480566,4996.23025
2021-11-19,4832.06,4890.06,4892.81,4829.57,127198313,4992.660083333333
2021-11-22,4895.39,4912.4,4919.0,4893.27,138092836,4989.2585
2021-11-23,4905.76,4913.35,4927.52,4896.88,154304412,4985.717833333332
2021-11-24,4914.03,4916.66,4935.49,4899.61,137150674,4982.347583333333
2021-11-25,4917.61,4896.44,4921.33,4891.73,115984031,4978.721500000001
2021-11-26,4886.95,4860.13,4886.95,4850.81,120368975,4974.708583333334
2021-11-29,4820.01,4851.42,4858.53,4818.71,133626862,4971.054
2021-11-30,4857.18,4832.03,4871.25,4810.22,129630597,4967.526833333333
2021-12-01,4831.89,4843.85,4844.52,4823.93,123086789,4963.87325
2021-12-02,4839.91,4856.16,4866.85,4830.32,148088522,4960.361000000001
2021-12-03,4856.98,4901.02,4901.02,4853.35,144059625,4957.601833333333
2021-12-06,4909.43,4892.62,4943.9,4888.69,173615683,4954.736583333333
2021-12-07,4930.83,4922.1,4934.1,4895.22,179053460,4951.8251666666665
2021-12-08,4934.41,4995.93,4995.93,4915.79,157490560,4949.91875
2021-12-09,5000.69,5078.69,5114.5,4999.41,220568776,4949.1865
2021-12-10,5046.27,5055.12,5060.06,5035.81,193695155,4948.975083333334
2021-12-13,5090.02,5083.8,5143.84,5079.73,211801595,4948.824333333334
2021-12-14,5066.35,5049.7,5075.21,5038.86,159107791,4948.3845833333335
2021-12-15,5036.28,5005.9,5060.37,5003.78,150529751,4947.6805
2021-12-16,5006.61,5034.73,5034.73,4987.22,144053868,4946.951916666667
2021-12-17,5021.34,4954.76,5022.11,4954.76,149005399,4945.346666666666
2021-12-20,4934.97,4880.42,4971.67,4872.68,169675689,4943.050416666667
2021-12-21,4876.51,4913.49,4917.8,4872.95,143339899,4940.329750000001
2021-12-22,4924.58,4914.45,4936.67,4903.17,133256740,4937.5188333333335
2021-12-23,4924.29,4948.74,4948.74,4906.75,139555407,4935.503833333333
2021-12-24,4953.06,4921.34,4964.91,4905.98,142673324,4932.981333333332
2021-12-27,4918.15,4919.32,4939.69,4894.16,124100951,4930.395166666667
2021-12-28,4923.69,4955.96,4959.14,4913.6,130457756,4929.352166666667
2021-12-29,4958.65,4883.48,4958.65,4883.48,113587003,4927.666249999999
2021-12-30,4882.16,4921.51,4940.18,4878.65,121617178,4926.319666666666
2021-12-31,4937.46,4940.37,4950.36,4923.14,121313738,4924.652
2022-01-04,4957.98,4917.77,4961.45,4874.53,151534776,4923.23125
2022-01-05,4907.93,4868.12,4916.28,4851.98,178816100,4921.553583333332
2022-01-06,4842.16,4818.23,4857.56,4786.43,157665825,4918.932916666667
2022-01-07,4824.32,4822.37,4856.65,4818.19,187139412,4916.2685
2022-01-10,4812.23,4844.05,4844.39,4780.82,156211697,4914.276583333333
2022-01-11,4840.01,4797.77,4850.88,4791.89,146928005,4911.329166666666
2022-01-12,4818.89,4845.58,4852.73,4810.92,143200205,4909.252583333333
2022-01-13,4853.03,4765.92,4853.06,4765.24,142519652,4906.3561666666665
2022-01-14,4743.91,4726.73,4764.05,4723.94,146863127,4903.170666666667
2022-01-17,4728.76,4767.28,4775.24,4726.71,115295690,4900.031
2022-01-18,4766.78,4813.35,4826.3,4747.92,150870802,4897.210999999999
2022-01-19,4815.81,4780.38,4828.75,4755.93,133927360,4894.63725
2022-01-20,4778.26,4823.51,4845.0,4777.57,164971315,4893.789000000001
2022-01-21,4808.77,4779.31,4818.31,4762.56,138952586,4894.022333333332
2022-01-24,4753.94,4786.74,4801.1,4746.45,114463880,4894.241166666666
2022-01-25,4761.95,4678.45,4781.39,4678.25,133667587,4892.809333333334
2022-01-26,4697.1,4712.31,4718.99,4648.13,107070843,4891.9855
2022-01-27,4708.1,4619.88,4708.44,4616.03,121263803,4889.369999999999
2022-01-28,4641.81,4563.77,4660.52,4559.83,126480113,4886.280916666667
2022-02-07,4638.58,4634.09,4672.65,4615.01,144849720,4883.407916666666
2022-02-08,4626.44,4608.77,4626.44,4522.47,155830707,4880.575416666666
2022-02-09,4608.15,4652.06,4659.46,4595.28,148335547,4878.329583333334
2022-02-10,4657.21,4639.86,4657.21,4608.09,151576666,4875.44875
2022-02-11,4617.87,4601.4,4662.6,4595.88,155974584,4871.7675
2022-02-14,4579.42,4551.69,4593.63,4530.06,143673894,4867.9037499999995
2022-02-15,4553.81,4600.1,4601.45,4550.54,115025600,4864.793333333333
2022-02-16,4619.85,4617.99,4643.1,4607.22,107258954,4862.060083333334
2022-02-17,4616.9,4629.16,4650.16,4606.95,110014643,4859.460833333333
2022-02-18,4604.57,4651.24,4651.34,4598.1,104550228,4857.9095
2022-02-21,4646.05,4634.31,4646.67,4613.3,112516513,4855.743416666666
2022-02-22,4601.92,4574.15,4602.07,4550.8,123317238,4853.343500000001
2022-02-23,4582.01,4623.05,4625.3,4579.29,122952916,4852.125
2022-02-24,4592.07,4529.32,4610.88,4488.48,184403059,4849.570333333334
2022-02-25,4564.63,4573.42,4611.86,4561.9,149722583,4846.945583333333
2022-02-28,4563.74,4581.65,4581.65,4530.68,135406979,4844.308
2022-03-01,4597.86,4619.69,4623.43,4583.92,123139220,4842.792
2022-03-02,4594.02,4578.6,4594.02,4558.44,113298324,4840.721666666666
2022-03-03,4595.02,4551.63,4599.4,4544.43,138285878,4838.541333333334
2022-03-04,4513.36,4496.43,4539.39,4481.49,127266806,4835.9648333333325
2022-03-07,4462.52,4352.78,4462.52,4338.3,162197706,4831.659166666666
2022-03-08,4361.64,4265.39,4383.65,4252.54,167863278,4826.625666666666
2022-03-09,4280.98,4226.35,4304.48,4068.19,194232901,4821.486416666667
2022-03-10,4326.2,4292.84,4335.67,4288.51,145266383,4816.145666666666
2022-03-11,4231.2,4306.52,4316.04,4176.45,152399921,4810.426416666666
2022-03-14,4248.15,4174.76,4280.36,4174.76,130187236,4803.781666666666
2022-03-15,4125.49,3983.81,4163.42,3983.81,202524700,4795.5633333333335
2022-03-16,4053.1,4156.08,4168.59,3942.86,196021983,4788.418000000001
2022-03-17,4237.67,4237.7,4302.74,4217.8,179407345,4782.134999999999
2022-03-18,4218.47,4265.9,4283.37,4194.94,149458304,4776.707833333333
2022-03-21,4280.14,4258.75,4287.82,4223.02,127036360,4771.636416666666
2022-03-22,4252.57,4255.3,4283.33,4236.69,126382469,4767.033083333333
2022-03-23,4269.61,4276.52,4287.58,4241.96,117089078,4762.204583333334
2022-03-24,4249.53,4251.31,4273.96,4216.85,108918272,4757.45075
2022-03-25,4249.07,4174.57,4254.84,4173.93,108808046,4751.795500000001
2022-03-28,4128.84,4148.47,4174.12,4091.3,118449021,4745.954166666666
2022-03-29,4155.42,4134.14,4177.21,4124.72,100266972,4739.760583333334
2022-03-30,4162.17,4254.1,4254.1,4160.74,138346025,4734.512833333333
2022-03-31,4234.72,4222.6,4247.36,4214.54,134029184,4729.418416666666
2022-04-01,4198.82,4276.16,4290.67,4190.08,133803054,4724.499916666667
2022-04-06,4258.83,4263.84,4277.52,4236.73,159062195,4718.949083333334
2022-04-07,4240.02,4209.1,4278.11,4205.74,134880353,4712.889999999999
2022-04-08,4213.21,4230.77,4237.81,4175.53,142843794,4707.44775
2022-04-11,4203.79,4100.07,4203.79,4089.09,148197071,4700.447416666667
2022-04-12,4102.97,4179.97,4179.97,4075.8,144285683,4694.333750000001
2022-04-13,4154.41,4139.74,4194.04,4139.74,125097490,4687.730666666667
2022-04-14,4172.64,4191.57,4217.06,4155.55,124791316,4682.037249999999
2022-04-15,4162.37,4188.75,4211.32,4152.97,124762263,4675.920833333334
2022-04-18,4152.93,4166.38,4171.74,4119.99,117504609,4669.7225
2022-04-19,4161.93,4134.9,4186.94,4115.42,110217472,4663.113166666666
2022-04-20,4130.54,4070.79,4136.17,4060.5,117331658,4655.705333333333
2022-04-21,4048.73,3995.83,4086.44,3978.37,132783828,4647.5079166666665
2022-04-22,3967.2,4013.25,4037.08,3953.72,122101811,4639.5925
2022-04-25,3933.45,3814.91,3958.21,3814.91,168364503,4630.565416666666
2022-04-26,3822.49,3784.12,3871.85,3773.9,157577610,4621.56525
2022-04-27,3758.08,3895.54,3895.73,3757.09,172734047,4613.121666666668
2022-04-28,3883.42,3921.11,3943.43,3873.58,153056586,4605.041833333334
2022-04-29,3939.62,4016.24,4017.43,3898.57,179458378,4598.178416666667
2022-05-05,3995.35,4010.21,4039.7,3988.93,154170716,4591.420916666667
2022-05-06,3928.85,3908.82,3947.24,3902.05,123005550,4583.421583333334
2022-05-09,3883.95,3877.44,3914.11,3854.94,92936694,4575.380666666666
2022-05-10,3820.63,3919.87,3932.68,3808.57,136416919,4567.64475
2022-05-11,3917.93,3976.42,4033.3,3916.52,165632256,4560.392083333334
2022-05-12,3949.95,3958.74,3985.93,3935.59,113376067,4553.205
2022-05-13,3983.82,3988.6,4003.85,3957.14,109968356,4545.62125
2022-05-16,4015.0,3956.54,4018.03,3947.75,112425295,4537.856
2022-05-17,3961.76,4005.89,4005.89,3955.1,109661455,4530.551916666667
2022-05-18,4015.01,3991.91,4017.34,3964.75,108074232,4523.1235
2022-05-19,3938.3,3999.6,3999.6,3933.75,116293420,4515.738916666667
2022-05-20,4020.82,4077.6,4077.6,4020.82,147069174,4509.4054166666665
2022-05-23,4080.97,4053.98,4080.97,4029.08,130477811,4502.438083333333
2022-05-24,4052.87,3959.15,4055.78,3959.15,145554337,4494.494333333334
2022-05-25,3959.77,3983.18,3983.62,3946.81,107734016,4486.742916666667
2022-05-26,3987.68,3993.04,4015.75,3938.24,126263690,4479.046083333334
2022-05-27,4022.71,4001.3,4051.14,3983.38,112769336,4471.586583333334
2022-05-30,4020.86,4029.02,4040.82,4003.38,111152241,4464.660666666666
2022-05-31,4031.76,4091.52,4096.2,4020.38,135415514,4458.328166666667
2022-06-01,4086.62,4083.18,4094.9,4058.85,114850880,4452.087750000001
2022-06-02,4064.0,4089.57,4091.15,4057.91,113893637,4445.802083333333
2022-06-06,4090.53,4166.09,4166.62,4063.91,167871012,4440.0515000000005
2022-06-07,4165.69,4179.13,4198.09,4155.17,142992881,4434.035749999999
2022-06-08,4187.15,4219.81,4224.81,4158.03,157374057,4428.429
2022-06-09,4211.72,4175.67,4227.45,4160.88,168449155,4422.208750000001
2022-06-10,4145.65,4238.99,4241.35,4140.22,184796214,4415.9009166666665
2022-06-13,4194.46,4189.35,4218.23,4156.71,168475622,4408.48975
2022-06-14,4143.22,4222.31,4224.09,4102.93,171385905,4401.549666666667
2022-06-15,4228.29,4278.22,4348.42,4228.29,257046589,4394.8365
2022-06-16,4282.08,4250.06,4302.92,4241.08,184074417,4388.172833333333
2022-06-17,4219.23,4309.04,4318.77,4218.68,158649098,4382.365666666667
2022-06-20,4322.83,4330.43,4368.36,4297.89,165666383,4376.496499999999
2022-06-21,4327.92,4325.57,4357.34,4287.14,164667615,4371.25325
2022-06-22,4331.9,4270.62,4333.18,4269.25,158565855,4366.171583333334
2022-06-23,4277.96,4343.88,4343.88,4260.9,170882360,4361.4248333333335
2022-06-24,4354.55,4394.77,4400.69,4346.12,168972198,4357.094166666667
2022-06-27,4414.33,4444.26,4472.69,4414.33,177385677,4352.890166666667
2022-06-28,4442.58,4490.52,4497.89,4407.35,174756490,4349.3
2022-06-29,4472.73,4421.36,4503.13,4414.0,187276687,4345.150333333333
2022-06-30,4418.07,4485.01,4515.0,4418.07,156666289,4341.2257500000005
2022-07-01,4489.52,4466.72,4500.99,4449.29,144779599,4337.752750000001
2022-07-04,4447.22,4496.03,4496.03,4427.82,146345651,4334.207083333333
2022-07-05,4505.46,4489.54,4530.32,4439.45,154962414,4330.4501666666665
2022-07-06,4475.48,4423.97,4484.36,4393.42,149800236,4326.335166666667
2022-07-07,4425.28,4443.47,4457.34,4391.19,132660905,4322.796416666667
2022-07-08,4468.06,4428.78,4479.49,4426.89,123195740,4319.551
2022-07-11,4406.15,4354.62,4406.15,4330.58,134448579,4315.653083333334
2022-07-12,4352.65,4313.62,4370.34,4296.62,130187838,4311.2328333333335
2022-07-13,4313.36,4321.46,4341.47,4284.94,131113179,4307.263583333333
2022-07-14,4308.82,4322.07,4352.1,4292.76,145250926,4302.901000000001
2022-07-15,4299.47,4248.53,4344.86,4248.53,150214453,4298.589416666667
2022-07-18,4262.15,4292.59,4300.78,4217.51,122601192,4294.971583333334
2022-07-19,4288.44,4269.34,4288.44,4238.82,103805730,4290.8220833333335
2022-07-20,4291.28,4283.8,4303.37,4269.97,94490144,4286.409166666666
2022-07-21,4270.36,4236.06,4283.15,4236.05,117156344,4281.873166666667
2022-07-22,4251.79,4238.23,4275.47,4207.31,103840624,4276.995833333333
2022-07-25,4233.93,4212.64,4234.84,4201.92,83636664,4272.273583333334
2022-07-26,4220.09,4245.98,4259.99,4214.53,85823274,4267.76725
2022-07-27,4236.15,4225.04,4242.1,4217.28,78904940,4263.988833333333
2022-07-28,4242.27,4225.67,4267.92,4223.03,107531930,4259.9335
2022-07-29,4226.42,4170.1,4243.51,4160.87,114179286,4256.185333333333
2022-08-01,4160.65,4188.68,4196.57,4129.45,107749029,4253.059583333334
2022-08-02,4144.38,4107.02,4144.38,4071.43,142224425,4248.667333333334
2022-08-03,4114.83,4066.98,4150.98,4058.18,116666124,4244.152416666667
2022-08-04,4089.44,4101.54,4108.16,4064.66,89532644,4239.56475
2022-08-05,4109.63,4156.91,4159.49,4097.86,102571004,4235.540166666667
2022-08-08,4142.11,4148.07,4155.73,4135.08,90208138,4231.762416666667
2022-08-09,4143.67,4156.29,4161.81,4131.43,84136959,4228.467416666667
2022-08-10,4149.21,4109.74,4160.79,4092.55,85565839,4224.381083333333
2022-08-11,4130.74,4193.54,4193.81,4116.06,121385051,4220.844
2022-08-12,4185.42,4191.15,4202.47,4175.05,106808295,4217.193916666667
2022-08-15,4180.0,4185.68,4219.92,4174.3,105898495,4213.314249999999
2022-08-16,4190.53,4177.84,4208.8,4170.52,93906139,4209.510333333334
2022-08-17,4182.57,4216.96,4222.79,4155.17,112864659,4206.5337500000005
2022-08-18,4205.79,4180.1,4211.91,4173.54,101052650,4202.842500000001
2022-08-19,4174.55,4151.07,4185.66,4151.07,117402978,4199.690416666667
2022-08-22,4135.16,4181.4,4183.65,4134.2,112442720,4196.423583333333
2022-08-23,4175.53,4161.08,4187.39,4147.41,103153512,4192.918833333333
2022-08-24,4168.58,4082.42,4174.16,4079.09,119069679,4188.441583333333
2022-08-25,4093.29,4116.24,4119.62,4058.75,111320745,4184.588583333333
2022-08-26,4127.81,4107.55,4139.79,4102.68,99000493,4180.8879166666675
2022-08-29,4063.88,4089.52,4092.95,4059.6,94354432,4177.496999999999
2022-08-30,4088.53,4075.79,4093.14,4048.52,93301662,4175.18875
2022-08-31,4057.14,4078.84,4112.85,4046.62,132449765,4173.634166666667
2022-09-01,4066.19,4043.74,4090.89,4041.13,97387071,4172.112416666667
2022-09-02,4054.84,4023.61,4056.18,4004.91,86789278,4169.868833333333
2022-09-05,4010.41,4015.43,4017.0,3982.74,93767109,4167.443083333334
2022-09-06,4024.47,4052.28,4054.0,4009.58,113506265,4166.422416666666
2022-09-07,4032.72,4054.98,4067.54,4028.37,107678059,4167.0155
2022-09-08,4059.17,4037.68,4067.76,4036.02,100886049,4166.028833333334
2022-09-09,4050.59,4093.79,4099.01,4042.25,118427114,4164.829583333333
2022-09-13,4112.01,4111.11,4128.11,4097.14,111789737,4163.539666666667
2022-09-14,4058.04,4065.36,4089.06,4047.92,90793681,4161.928083333333
2022-09-15,4078.65,4027.12,4088.81,3998.86,123951196,4160.026583333333
2022-09-16,4013.58,3932.68,4019.41,3932.68,137193655,4157.16125
2022-09-19,3928.42,3928.0,3953.65,3910.31,97719575,4154.467000000001
2022-09-20,3945.65,3932.84,3957.55,3921.69,84824134,4152.452583333334
2022-09-21,3921.32,3903.73,3924.39,3884.23,86458391,4150.413083333334
2022-09-22,3875.18,3869.34,3900.27,3860.23,80946919,4148.206416666666
2022-09-23,3865.1,3856.02,3888.4,3829.69,94342462,4144.8890833333335
2022-09-26,3829.6,3836.68,3893.32,3827.95,104526031,4141.673083333333
2022-09-27,3844.07,3892.3,3893.03,3827.93,88860160,4138.47425
2022-09-28,3879.44,3828.71,3879.44,3828.05,86592213,4134.848166666667
2022-09-29,3864.32,3827.14,3873.18,3808.65,85654142,4131.665166666667
2022-09-30,3833.35,3804.89,3848.6,3801.28,78559966,4128.116166666666
2022-10-10,3806.56,3720.94,3807.46,3715.71,102647595,4124.95675
2022-10-11,3732.02,3727.69,3739.81,3706.06,83944625,4121.18775
2022-10-12,3722.87,3784.31,3784.31,3661.53,108089319,4118.225833333333
2022-10-13,3756.42,3752.67,3783.6,3749.64,99018915,4114.568333333334
2022-10-14,3783.32,3842.47,3863.23,3780.84,116242293,4111.682666666667
2022-10-17,3822.24,3846.41,3849.62,3809.12,104192019,4109.01625
2022-10-18,3865.83,3838.27,3870.22,3831.17,88346907,4106.544333333333
2022-10-19,3827.47,3776.53,3840.49,3776.53,81574844,4104.092166666666
2022-10-20,3746.58,3754.93,3804.25,3726.79,90290895,4102.084666666667
2022-10-21,3753.89,3742.89,3768.69,3724.69,98750038,4099.831666666667
2022-10-24,3727.92,3633.37,3762.16,3619.99,130056864,4098.318833333334
2022-10-25,3621.94,3627.45,3670.73,3594.7,110953882,4097.01325
2022-10-26,3633.31,3656.9,3700.88,3633.31,121301548,4095.0245833333333
2022-10-27,3667.66,3631.14,3685.08,3631.06,117998675,4092.6081666666664
2022-10-28,3605.16,3541.33,3618.86,3533.5,118772162,4088.6505833333335
2022-10-31,3504.51,3508.7,3553.39,3495.95,138465655,4084.4713333333334
2022-11-01,3519.82,3634.17,3634.17,3517.62,149286698,4082.1825833333337
2022-11-02,3620.37,3677.81,3703.47,3610.8,141592919,4080.5190000000002
2022-11-03,3645.06,3647.9,3670.16,3628.5,110566035,4078.2525833333334
2022-11-04,3646.77,3767.17,3782.88,3646.77,149734949,4076.5088333333333
2022-11-07,3754.52,3775.3,3792.79,3746.37,129826371,4074.9801666666667
2022-11-08,3773.66,3749.33,3779.12,3723.34,99016451,4072.9862500000004
2022-11-09,3750.78,3714.27,3760.41,3711.27,89434525,4070.967333333333
2022-11-10,3685.83,3685.69,3701.53,3665.06,103509302,4068.299
2022-11-11,3787.76,3788.44,3828.9,3747.09,189685586,4066.6034166666664
2022-11-14,3818.14,3794.02,3848.41,3781.78,169665048,4064.89025
2022-11-15,3788.93,3865.97,3871.64,3775.5,151515650,4063.126666666666
2022-11-16,3860.81,3834.39,3877.68,3829.31,120610964,4061.29675
2022-11-17,3821.27,3818.66,3821.74,3776.57,105940632,4060.1260000000007
2022-11-18,3823.82,3801.57,3840.3,3801.57,115078777,4058.612583333333
2022-11-21,3769.63,3769.13,3769.87,3734.0,95866966,4056.7466666666664
2022-11-22,3766.08,3769.57,3809.86,3751.04,144486334,4054.8155833333335
2022-11-23,3760.22,3773.53,3791.18,3753.21,144527911,4052.6865000000003
2022-11-24,3791.54,3756.81,3804.9,3751.38,101073447,4049.8972500000004
2022-11-25,3751.28,3775.78,3790.57,3743.41,142929711,4047.335583333333
2022-11-28,3701.9,3733.24,3736.08,3672.13,127825748,4044.3661666666667
2022-11-29,3766.57,3848.42,3854.77,3766.57,178701392,4041.7189166666667
2022-11-30,3836.56,3853.04,3867.66,3833.83,157511400,4039.0015
2022-12-01,3921.3,3894.77,3944.56,3893.87,169964585,4036.2928333333334
2022-12-02,3886.4,3870.95,3898.11,3865.88,116786350,4033.7535000000003
2022-12-05,3907.64,3946.88,3947.48,3900.67,201747221,4031.3192500000005
2022-12-06,3929.01,3968.2,3988.9,3923.0,155108323,4029.476333333333
2022-12-07,3956.67,3958.44,3999.59,3944.18,143001356,4027.2774166666663
2022-12-08,3953.2,3959.18,3971.49,3941.3,115199986,4024.61875
2022-12-09,3961.99,3998.24,4003.32,3944.44,153774954,4022.5202500000005
2022-12-12,3976.17,3953.44,3983.43,3950.32,125935368,4019.556916666667
2022-12-13,3953.55,3945.68,3964.4,3939.98,100994100,4016.3506666666667
2022-12-14,3952.79,3954.89,3972.74,3935.77,98528006,4013.2616666666663
2022-12-15,3954.67,3951.99,3963.5,3926.5,88864725,4010.606416666667
2022-12-16,3931.23,3954.23,3960.47,3929.49,93178567,4007.3593333333333
2022-12-19,3952.77,3893.22,3966.57,3878.44,106919075,4003.1797500000002
2022-12-20,3881.23,3829.02,3881.27,3811.48,83096822,3998.0527500000003
2022-12-21,3839.0,3830.54,3853.73,3821.4,64839215,3992.5529166666665
2022-12-22,3859.2,3836.03,3882.13,3821.34,83705173,3987.675166666667
2022-12-23,3811.62,3828.22,3848.34,3805.95,65278148,3982.2019166666664
2022-12-26,3830.57,3843.49,3856.81,3827.52,73005712,3977.008333333333
2022-12-27,3860.91,3887.85,3891.85,3856.58,77515350,3971.9401666666668
2022-12-28,3874.91,3871.26,3884.72,3854.94,84424656,3966.7878333333338
2022-12-29,3854.24,3856.7,3868.29,3838.48,79394815,3962.0605833333334
2022-12-30,3873.94,3871.63,3887.55,3868.76,78773272,3957.2952500000006
2023-01-03,3864.84,3887.9,3893.99,3831.25,115051875,3952.7879166666667
2023-01-04,3886.25,3892.95,3905.9,3873.65,110660743,3948.940666666667
2023-01-05,3913.49,3968.58,3974.88,3912.26,116502395,3946.0653333333335
2023-01-06,3969.55,3980.89,4000.41,3966.47,110953038,3943.2272499999995
2023-01-09,3998.53,4013.12,4023.09,3990.71,117054425,3940.6526666666664
2023-01-10,4014.71,4017.47,4030.46,4002.23,101751141,3938.7271666666666
2023-01-11,4019.88,4010.03,4043.4,4008.02,99997889,3936.3724999999995
2023-01-12,4021.75,4017.87,4030.29,4003.51,90552627,3934.276916666667
2023-01-13,4032.29,4074.38,4074.38,4027.89,95871896,3932.53175
2023-01-16,4077.88,4137.96,4177.1,4076.64,151395455,3931.71425
2023-01-17,4138.84,4137.24,4148.58,4118.16,95479040,3930.8726666666666
2023-01-18,4140.1,4130.31,4151.46,4125.77,84200645,3930.186583333333
2023-01-19,4125.58,4156.01,4156.01,4105.98,94608398,3929.436833333333
2023-01-20,4166.84,4181.53,4189.83,4161.67,123553809,3929.07425
2023-01-30,4267.62,4201.35,4268.15,4197.86,164607064,3928.871583333333
2023-01-31,4200.58,4156.86,4212.73,4153.05,124550835,3928.76125
2023-02-01,4170.13,4195.93,4195.93,4137.77,141008954,3928.8216666666663
2023-02-02,4207.41,4181.15,4207.41,4170.56,133823736,3929.4394166666666
2023-02-03,4162.03,4141.63,4162.03,4103.17,117041221,3930.0615000000003
2023-02-06,4103.83,4086.88,4105.94,4065.22,110192717,3929.9393333333337
2023-02-07,4098.31,4094.23,4107.34,4077.96,91360072,3929.417
2023-02-08,4099.86,4076.14,4111.47,4072.65,84786099,3928.817583333333
2023-02-09,4067.56,4130.86,4130.86,4064.75,102289961,3928.605666666667
2023-02-10,4124.1,4106.31,4125.29,4092.35,96716733,3928.577083333333
2023-02-13,4098.88,4143.57,4146.45,4092.27,128892577,3928.160666666666
2023-02-14,4151.25,4145.29,4152.05,4125.26,102499890,3927.7785
2023-02-15,4146.85,4123.69,4153.72,4115.97,121664508,3927.261916666667
2023-02-16,4125.41,4093.49,4167.9,4068.86,159310585,3926.559
2023-02-17,4086.22,4034.51,4104.64,4032.93,116142589,3925.038583333333
2023-02-20,4039.96,4133.49,4134.86,4035.48,161794481,3924.650166666667
2023-02-21,4130.06,4144.35,4151.8,4116.27,145776173,3924.5941666666668
2023-02-22,4118.97,4106.95,4134.88,4101.86,104290295,3923.97375
2023-02-23,4106.21,4103.65,4132.39,4088.21,103564906,3923.4951666666666
2023-02-24,4100.99,4061.05,4102.61,4048.24,100989425,3923.317083333334
2023-02-27,4040.46,4043.84,4067.03,4034.52,93787630,3922.71375
2023-02-28,4058.13,4069.46,4074.26,4026.45,110323591,3922.396333333333
2023-03-01,4068.73,4126.94,4135.48,4061.22,156015794,3922.708166666667
2023-03-02,4119.99,4117.74,4137.25,4113.83,148217637,3923.05775
2023-03-03,4126.02,4130.55,4135.21,4100.38,160331741,3923.4886666666666
2023-03-06,4131.15,4109.01,4132.84,4088.45,162971807,3924.032583333333
2023-03-07,4103.64,4048.85,4124.96,4046.57,195912068,3924.2429166666666
2023-03-08,4030.74,4034.11,4037.29,4011.52,117936493,3924.3985833333336
2023-03-09,4035.84,4019.85,4043.85,4000.89,116539629,3924.1283333333336
2023-03-10,3991.8,3967.14,4004.36,3966.43,123855409,3923.396333333333
2023-03-13,3962.64,4008.69,4008.69,3962.64,143561370,3923.15475
2023-03-14,3999.88,3984.7,4001.94,3946.94,150544174,3922.2456666666667
2023-03-15,4011.84,3986.9,4018.75,3986.9,142026007,3921.2105833333335
2023-03-16,3958.2,3939.15,3981.32,3936.48,152515644,3920.1588333333334
2023-03-17,3971.16,3958.82,4004.22,3945.25,177433818,3919.5896666666667
2023-03-20,3962.66,3939.08,3979.55,3935.02,205264970,3919.6429999999996
2023-03-21,3948.16,3982.38,3982.7,3948.16,145090679,3920.0961666666667
2023-03-22,3993.78,3999.44,4016.45,3986.71,149228970,3920.651166666667
2023-03-23,3985.99,4039.09,4039.09,3984.0,158887421,3921.7791666666667
2023-03-24,4035.16,4027.05,4037.84,4017.0,159442330,3923.093416666667
2023-03-27,4023.3,4012.48,4023.3,3987.03,168482279,3924.39725
2023-03-28,4015.7,3999.51,4023.78,3994.6,131895117,3925.7541666666666
2023-03-29,4013.59,4006.14,4017.76,3992.67,133743510,3926.7028333333337
2023-03-30,4009.56,4038.53,4040.5,3983.9,149901037,3928.451333333333
2023-03-31,4045.45,4050.93,4063.57,4039.96,138842546,3930.3162499999994
2023-04-03,4059.62,4090.57,4094.94,4059.06,182124313,3932.6969166666668
2023-04-04,4089.29,4103.11,4103.16,4080.07,197146631,3935.881666666667
2023-04-06,4084.13,4096.64,4098.83,4078.4,150703374,3938.95625
2023-04-07,4096.9,4123.28,4131.31,4092.18,128676738,3941.7810000000004
2023-04-10,4132.01,4104.81,4132.3,4099.05,152453002,3944.7155
2023-04-11,4108.51,4100.15,4116.12,4083.49,153901333,3946.8628333333336
2023-04-12,4102.4,4097.29,4108.25,4090.28,165965278,3948.9535
2023-04-13,4081.39,4068.98,4088.88,4059.57,156444295,3950.8760833333336
2023-04-14,4078.97,4092.0,4098.22,4075.2,150695682,3953.5049999999997
2023-04-17,4090.07,4149.38,4149.38,4089.51,188773095,3956.7920833333333
2023-04-18,4139.31,4162.03,4169.67,4138.46,170184130,3960.2849166666665
2023-04-19,4159.39,4124.56,4159.39,4118.63,162554592,3964.378166666667
2023-04-20,4122.95,4113.02,4125.82,4094.0,162706677,3968.424583333333
2023-04-21,4114.26,4032.57,4114.26,4031.91,180802435,3971.5551666666665
2023-04-24,4031.3,3982.64,4033.64,3967.91,170099217,3974.4843333333333
2023-04-25,3985.11,3962.67,3991.69,3925.44,172555409,3977.9954999999995
2023-04-26,3950.26,3959.23,3975.66,3934.66,162702006,3981.749916666667
2023-04-27,3948.03,3988.42,3999.13,3942.82,153828195,3984.7019999999998
2023-04-28,3993.26,4029.09,4030.45,3993.26,179508488,3987.629333333333
2023-05-04,4013.47,4030.25,4035.78,4001.13,227582846,3990.8155833333335
2023-05-05,4031.09,4016.88,4047.6,3998.39,206626924,3992.8965
2023-05-08,4028.11,4062.66,4070.77,4018.96,255583085,3995.291166666667
2023-05-09,4065.44,4027.88,4092.85,4026.39,279306048,3997.6124166666664
2023-05-10,4017.94,3996.87,4019.06,3984.63,207552709,3999.967416666667
2023-05-11,4005.78,3990.66,4018.06,3988.48,144804619,4002.5088333333333
2023-05-12,3987.77,3937.76,3999.38,3937.53,144421728,4003.753166666667
2023-05-15,3938.83,3998.89,3998.89,3923.03,176257362,4005.460416666667
2023-05-16,4002.52,3978.21,4005.02,3966.99,136833271,4006.39575
2023-05-17,3971.7,3960.17,3982.6,3945.71,118448185,4007.4439166666666
2023-05-18,3965.52,3956.07,3982.72,3939.55,136533947,4008.589
2023-05-19,3946.22,3944.54,3967.28,3928.32,120212479,4009.780416666667
2023-05-22,3941.0,3969.33,3985.4,3935.8,109116605,4011.4487500000005
2023-05-23,3968.23,3913.19,3971.94,3913.19,118685077,4012.6455833333334
2023-05-24,3903.78,3859.09,3903.78,3859.09,137258265,4013.358583333333
2023-05-25,3851.41,3850.5,3861.38,3817.84,124150770,4014.139333333333
2023-05-26,3848.42,3850.95,3859.63,3815.57,100326439,4014.76575
2023-05-29,3862.08,3833.94,3866.72,3819.18,131859967,4015.6049166666667
2023-05-30,3827.79,3837.75,3844.01,3789.27,137619629,4015.516
2023-05-31,3827.16,3798.54,3827.16,3781.4,126387368,4015.061833333333
2023-06-01,3788.59,3806.87,3832.21,3786.73,134561881,4014.329333333333
2023-06-02,3821.62,3861.83,3865.28,3821.62,125015110,4014.253333333333
2023-06-05,3860.56,3844.25,3860.56,3832.46,116163989,4013.398083333333
2023-06-06,3840.46,3808.16,3867.85,3802.84,125781258,4012.064416666667
2023-06-07,3815.48,3789.34,3823.11,3780.1,98862432,4010.6552500000003
2023-06-08,3791.08,3820.19,3834.39,3777.78,118700934,4009.4970000000003
2023-06-09,3822.41,3836.7,3836.7,3811.22,134319863,4008.150833333333
2023-06-12,3827.33,3844.43,3859.72,3813.86,126758543,4007.2424166666665
2023-06-13,3838.13,3864.91,3867.3,3833.46,110924946,4006.569333333333
2023-06-14,3872.72,3864.02,3891.67,3862.06,124955759,4005.8120833333332
2023-06-15,3871.77,3925.5,3925.5,3871.77,128369938,4005.591333333333
2023-06-16,3932.21,3963.35,3968.01,3928.54,139760076,4005.6673333333333
2023-06-19,3957.03,3930.91,3957.03,3922.47,134905848,4005.981416666667
2023-06-20,3926.09,3924.24,3937.49,3918.47,122520318,4006.7749166666667
2023-06-21,3909.1,3864.03,3920.13,3864.03,118346575,4007.0540000000005
2023-06-26,3833.44,3809.7,3841.29,3801.05,133990419,4006.834583333333
2023-06-27,3811.69,3845.43,3851.9,3806.32,116992681,4006.9780000000005
2023-06-28,3836.61,3840.8,3846.85,3808.16,107021541,4006.9555833333334
2023-06-29,3836.73,3821.84,3840.71,3817.38,98289274,4006.4055
2023-06-30,3816.33,3842.45,3860.03,3813.55,101268429,4006.1654166666663
2023-07-03,3853.29,3892.88,3897.33,3853.29,133158051,4006.4669166666663
2023-07-04,3888.03,3899.01,3899.98,3878.4,109494527,4006.6950833333335
2023-07-05,3895.19,3868.81,3899.52,3864.13,97636384,4006.536
2023-07-06,3857.03,3842.75,3876.89,3836.46,100121842,4006.1176666666665
2023-07-07,3831.6,3825.7,3844.84,3819.08,100906920,4004.927
2023-07-10,3841.56,3844.33,3865.46,3831.92,92033441,4003.7889999999998
2023-07-11,3853.8,3869.49,3870.65,3844.52,86510716,4002.592083333334
2023-07-12,3864.6,3843.44,3874.04,3838.56,111522024,4001.1418333333336
2023-07-13,3855.66,3898.42,3901.1,3855.66,120300232,4000.2117500000004
2023-07-14,3904.6,3899.1,3908.49,3893.79,122364846,3999.2219999999998
2023-07-17,3881.62,3867.17,3881.62,3852.26,98340144,3997.4952500000004
2023-07-18,3871.04,3854.94,3871.04,3844.51,91438615,3995.13675
2023-07-19,3848.48,3850.87,3860.01,3830.41,79585700,3992.750333333334
2023-07-20,3857.77,3823.69,3875.62,3818.71,92042076,3990.195166666667
2023-07-21,3816.98,3821.91,3849.51,3808.8,79507563,3987.411
2023-07-24,3803.35,3805.22,3828.79,3798.8,75483545,3984.275083333333
2023-07-25,3866.64,3915.12,3915.81,3866.64,163066320,3981.8898333333336
2023-07-26,3908.17,3907.01,3912.98,3893.4,107881717,3979.80775
2023-07-27,3914.23,3902.35,3935.36,3894.69,110667109,3977.3612500000004
2023-07-28,3889.79,3992.74,4000.92,3886.55,179735481,3975.791166666667
2023-07-31,4018.89,4014.63,4064.36,4002.08,199606830,3974.7328333333335
2023-08-01,4009.18,3998.0,4031.7,3983.03,142286859,3973.9921666666664
2023-08-02,3985.7,3969.9,4008.33,3958.51,125855690,3972.956083333333
2023-08-03,3962.13,4004.98,4005.0,3962.13,129006640,3972.363083333333
2023-08-04,4033.72,4020.58,4058.24,4011.62,178267189,3971.4440833333338
2023-08-07,4002.97,3990.15,4002.97,3977.02,121310662,3970.4760833333335
2023-08-08,3980.04,3979.73,4002.29,3963.46,109871699,3969.11075
2023-08-09,3967.36,3967.57,3982.11,3961.84,94640269,3967.62975
2023-08-10,3962.86,3975.72,3976.46,3945.39,97176849,3966.396666666667
2023-08-11,3977.98,3884.25,3977.98,3884.25,126082931,3964.653
2023-08-14,3840.89,3855.91,3859.47,3814.07,115966336,3963.1646666666666
2023-08-15,3858.37,3846.54,3865.28,3811.68,103097111,3960.7734166666664
2023-08-16,3830.83,3818.33,3852.42,3817.63,94616946,3958.056583333333
2023-08-17,3801.2,3831.1,3836.15,3782.5,98415493,3955.7578333333336
2023-08-18,3832.46,3784.0,3844.2,3784.0,95549638,3953.094083333334
2023-08-21,3773.23,3729.56,3782.11,3729.56,98708369,3950.3316666666665
2023-08-22,3748.07,3758.23,3770.06,3704.68,120318327,3947.9515833333335
2023-08-23,3751.77,3696.63,3756.17,3695.03,97081638,3944.8446666666664
2023-08-24,3711.54,3723.43,3748.86,3701.57,119614521,3941.4820833333333
2023-08-25,3703.51,3709.15,3734.22,3695.84,105182610,3938.077166666667
2023-08-28,3911.55,3752.62,3911.55,3740.53,197990379,3934.9277500000003
2023-08-29,3743.05,3790.11,3810.38,3742.08,152486146,3932.27025
2023-08-30,3803.12,3788.51,3813.7,3780.24,129671661,3930.10075
2023-08-31,3786.93,3765.27,3794.0,3762.0,118961646,3927.860416666667
2023-09-01,3778.91,3791.49,3808.53,3778.91,105319045,3925.9574166666666
2023-09-04,3812.99,3848.95,3854.26,3804.59,142385201,3924.9725000000003
2023-09-05,3839.58,3820.32,3839.58,3814.33,104052333,3923.4027499999997
2023-09-06,3808.1,3812.03,3817.52,3790.89,93442393,3921.9638333333337
2023-09-07,3802.23,3758.47,3802.23,3756.85,95103903,3920.06025
2023-09-08,3747.65,3739.99,3753.26,3724.99,71638166,3918.4005833333335
2023-09-11,3740.58,3767.54,3788.32,3734.72,105358016,3916.806583333333
2023-09-12,3764.33,3760.6,3775.09,3755.42,79385378,3915.31925
2023-09-13,3759.61,3736.65,3768.82,3719.11,81576901,3913.2715000000003
2023-09-14,3736.94,3733.51,3748.82,3717.31,100386075,3911.055416666667
2023-09-15,3740.79,3708.78,3749.02,3699.38,109395689,3908.302833333333
2023-09-18,3698.93,3727.71,3737.53,3691.11,86727741,3905.8083333333334
2023-09-19,3723.42,3720.5,3724.07,3702.69,83199038,3903.3751666666667
2023-09-20,3715.96,3705.69,3718.52,3705.13,75448209,3900.9266666666667
2023-09-21,3698.31,3672.44,3708.46,3672.44,83031005,3898.1458333333335
2023-09-22,3672.64,3738.93,3740.42,3664.77,110231166,3895.649166666667
2023-09-25,3738.06,3714.6,3738.06,3711.2,92596479,3892.8464166666668
2023-09-26,3711.71,3692.89,3723.85,3692.62,78044525,3889.532416666667
2023-09-27,3694.96,3700.5,3731.14,3694.39,91629210,3886.177333333333
2023-09-28,3711.21,3689.52,3716.06,3685.3,85221719,3882.784666666667
2023-10-09,3678.93,3684.73,3694.17,3642.0,102148058,3879.130083333333
2023-10-10,3696.25,3657.13,3701.26,3655.59,99163730,3875.3994166666666
2023-10-11,3674.75,3667.55,3689.53,3658.36,102091587,3871.794416666666
2023-10-12,3697.93,3702.38,3711.5,3682.84,114363225,3868.5035
2023-10-13,3677.96,3663.41,3678.19,3652.31,98287987,3865.12375
2023-10-16,3664.04,3626.6,3664.04,3615.77,91853118,3861.2454166666666
2023-10-17,3635.3,3639.4,3645.57,3619.13,90745188,3856.995583333334
2023-10-18,3631.07,3610.58,3632.06,3608.98,94545879,3852.4001666666663
2023-10-19,3588.52,3533.54,3588.52,3532.31,111737520,3847.475
2023-10-20,3518.35,3510.59,3535.66,3501.73,98518605,3842.45475
2023-10-23,3500.2,3474.24,3505.35,3450.65,96561652,3837.802
2023-10-24,3481.76,3487.13,3495.0,3453.1,115547289,3833.6727499999997
2023-10-25,3524.3,3504.46,3531.83,3500.92,128009617,3829.8543333333337
2023-10-26,3484.78,3514.14,3515.57,3478.05,105143566,3826.14525
2023-10-27,3501.17,3562.39,3576.59,3494.55,120225108,3822.595
2023-10-30,3554.11,3583.77,3592.72,3554.02,144010426,3818.884
2023-10-31,3581.68,3572.51,3581.68,3554.58,112587267,3815.0695
2023-11-01,3605.76,3571.03,3606.41,3564.64,97645538,3811.3540833333336
2023-11-02,3580.07,3554.19,3597.17,3553.74,90359643,3807.116833333333
2023-11-03,3558.53,3584.14,3596.1,3558.53,97542101,3803.419
2023-11-06,3608.32,3632.61,3635.79,3600.63,152982463,3800.3834999999995
2023-11-07,3623.78,3619.76,3628.46,3606.3,110288591,3797.2926666666667
2023-11-08,3610.64,3611.07,3627.05,3591.82,110594230,3794.5702499999998
2023-11-09,3603.11,3612.83,3624.41,3601.37,111872057,3791.3530833333334
2023-11-10,3596.07,3586.49,3599.45,3576.1,102107034,3788.0887500000003
2023-11-13,3593.91,3579.41,3599.39,3562.77,96707649,3784.91575
2023-11-14,3581.1,3582.06,3600.15,3568.88,100884158,3781.799
2023-11-15,3616.88,3607.25,3620.6,3596.92,104929218,3778.9882500000003
2023-11-16,3600.98,3572.36,3605.29,3572.36,87464780,3775.6801666666665
2023-11-17,3561.31,3568.07,3573.68,3547.03,87319207,3772.804166666667
2023-11-20,3569.73,3576.32,3586.97,3545.1,91080445,3770.4477500000003
2023-11-21,3587.88,3581.07,3615.06,3575.68,108594314,3768.2025
2023-11-22,3569.44,3544.42,3574.38,3544.42,84784381,3765.6480833333335
2023-11-23,3541.44,3561.52,3562.07,3529.94,84800167,3763.3779166666664
2023-11-24,3560.65,3538.01,3560.65,3534.0,85018403,3760.880083333333
2023-11-27,3534.44,3511.94,3534.44,3492.86,99102314,3758.49175
2023-11-28,3510.66,3518.52,3521.05,3501.11,89335789,3756.0888333333337
2023-11-29,3518.88,3488.31,3519.2,3482.24,98841412,3752.976166666667
2023-11-30,3485.52,3496.2,3505.13,3481.45,101350820,3750.0757500000004
2023-12-01,3494.22,3482.88,3494.22,3452.17,108530941,3747.365083333333
2023-12-04,3481.04,3460.14,3488.13,3459.61,97156826,3744.62175
2023-12-05,3450.09,3394.26,3450.09,3393.81,100472007,3741.072333333333
2023-12-06,3387.88,3399.6,3420.28,3382.95,105805519,3737.4298333333336
2023-12-07,3394.31,3391.28,3404.41,3369.77,97713248,3733.6535833333332
2023-12-08,3391.86,3399.46,3409.38,3383.45,129522054,3729.774833333334
2023-12-11,3378.05,3419.45,3426.61,3346.89,139626249,3726.0700833333335
2023-12-12,3410.0,3426.8,3427.55,3406.1,105590013,3721.9142500000003
2023-12-13,3418.64,3369.61,3418.64,3369.61,95285367,3716.9664166666666
2023-12-14,3387.38,3351.96,3399.14,3350.76,83655135,3712.1418333333336
2023-12-15,3365.94,3341.55,3388.5,3339.52,97787783,3707.2860833333334
2023-12-18,3329.19,3329.37,3352.35,3314.91,90526826,3702.8305833333334
2023-12-19,3325.66,3334.04,3345.78,3313.19,83808118,3698.86675
2023-12-20,3334.33,3297.5,3338.54,3297.37,92412868,3694.3006666666665
2023-12-21,3285.6,3330.87,3339.36,3283.99,102546198,3690.0512499999995
2023-12-22,3329.47,3337.23,3359.06,3315.9,105220133,3686.0128333333337
2023-12-25,3330.33,3347.45,3348.88,3330.33,74542693,3681.8878333333337
2023-12-26,3345.4,3324.79,3345.42,3315.94,74732935,3677.15375
2023-12-27,3326.93,3336.36,3341.27,3309.67,94403928,3672.4649999999997
2023-12-28,3335.56,3414.54,3423.4,3331.21,148064851,3668.6794166666664
2023-12-29,3411.11,3431.11,3432.54,3409.58,114928932,3665.2490833333336
2024-01-02,3426.27,3386.35,3426.27,3386.35,116180726,3661.587833333333
2024-01-03,3379.75,3378.3,3392.85,3362.66,105613851,3657.7042500000002
2024-01-04,3375.02,3347.05,3375.02,3323.86,106721013,3653.3505833333334
2024-01-05,3341.31,3329.11,3372.54,3313.55,126400574,3649.0645
2024-01-08,3322.61,3286.06,3333.52,3283.34,117429485,3643.9615
2024-01-09,3286.71,3292.5,3304.6,3273.84,109330465,3638.9065
2024-01-10,3281.67,3277.13,3312.92,3268.25,94199366,3633.9895
2024-01-11,3275.31,3295.67,3311.11,3266.79,108789735,3629.3289166666664
2024-01-12,3284.36,3284.17,3310.47,3279.7,96853555,3624.6064166666665
2024-01-15,3270.1,3280.92,3306.92,3261.27,88851530,3620.0833333333335
2024-01-16,3272.57,3300.88,3300.88,3260.44,113276665,3615.7414166666667
2024-01-17,3291.14,3229.08,3291.14,3229.08,108769728,3610.94025
2024-01-18,3214.28,3274.73,3279.25,3171.63,174909168,3605.603666666667
2024-01-19,3261.24,3269.78,3286.94,3251.81,118501408,3600.293416666667
2024-01-22,3262.47,3218.9,3281.42,3193.18,148705628,3594.598
2024-01-23,3208.43,3231.93,3249.53,3188.13,122012000,3588.257916666667
2024-01-24,3245.96,3277.11,3281.49,3190.47,154371954,3582.1119166666667
2024-01-25,3274.34,3342.92,3344.24,3269.79,196833614,3576.6529166666664
2024-01-26,3326.65,3333.82,3351.97,3315.13,180664005,3571.3522500000004
2024-01-29,3335.39,3303.96,3351.37,3303.96,184164795,3565.5104166666665
2024-01-30,3283.9,3245.04,3300.2,3244.97,143649350,3559.047583333333
2024-01-31,3231.54,3215.35,3252.15,3201.93,153143469,3552.590916666667
2024-02-01,3202.26,3217.71,3251.76,3191.9,145516792,3546.24075
2024-02-02,3219.87,3179.63,3235.41,3108.35,173758089,3539.6745833333334
2024-02-05,3164.25,3200.42,3233.85,3111.52,203042970,3533.21375
2024-02-06,3185.25,3311.69,3314.51,3182.82,202713099,3528.4424166666663
2024-02-07,3314.03,3343.63,3343.63,3289.67,216647933,3524.1734166666665
2024-02-08,3351.41,3364.93,3367.21,3336.98,189977578,3520.1599999999994
2024-02-19,3393.19,3403.81,3403.81,3364.14,183319800,3516.7056666666667
2024-02-20,3395.19,3410.85,3415.89,3380.1,140734581,3513.2035833333334
2024-02-21,3390.36,3456.87,3500.13,3383.69,188879362,3510.4775
2024-02-22,3450.35,3486.67,3486.68,3448.41,141020784,3508.4534166666663
2024-02-23,3491.34,3489.74,3507.56,3472.97,144821273,3506.216
2024-02-26,3485.54,3453.36,3492.61,3445.39,151248331,3504.1887500000003
2024-02-27,3440.05,3494.79,3494.79,3437.44,139528246,3502.2834166666667
2024-02-28,3499.83,3450.26,3521.66,3450.26,189837548,3500.1259999999997
2024-02-29,3437.9,3516.08,3516.08,3437.9,155944532,3498.1548333333335
2024-03-01,3515.06,3537.8,3544.36,3503.46,162709570,3496.05225
2024-03-04,3538.37,3540.87,3548.69,3519.76,163244613,3493.9885833333333
2024-03-05,3524.96,3565.51,3570.69,3519.08,166422389,3492.3239166666667
2024-03-06,3556.53,3551.05,3577.39,3545.1,143076613,3490.3202499999998
2024-03-07,3548.1,3529.72,3569.92,3522.9,148110510,3487.6599999999994
2024-03-08,3529.55,3544.91,3548.51,3511.58,125792664,3485.364916666667
2024-03-11,3545.94,3589.26,3589.26,3542.28,148202825,3483.5085000000004
2024-03-12,3592.58,3597.49,3605.7,3574.21,180685560,3482.1670000000004
2024-03-13,3594.42,3572.36,3594.42,3563.37,144590590,3480.7700833333333
2024-03-14,3571.79,3562.22,3597.46,3545.61,140962722,3479.0590833333335
2024-03-15,3554.91,3569.99,3572.81,3533.68,138316044,3477.470666666667
2024-03-18,3577.06,3603.53,3604.05,3573.4,160379438,3476.3613333333333
2024-03-19,3593.34,3577.63,3610.74,3577.19,145571786,3475.0623333333333
2024-03-20,3568.72,3585.38,3589.55,3568.43,129528966,3474.034
2024-03-21,3593.07,3581.09,3601.11,3575.03,130743377,3472.812166666667
2024-03-22,3571.27,3545.0,3575.72,3522.84,139227358,3471.349666666667
2024-03-25,3536.71,3525.76,3564.96,3525.76,137015724,3469.85025
2024-03-26,3526.68,3543.75,3547.65,3518.6,126209535,3468.777833333333
2024-03-27,3538.72,3502.79,3542.96,3502.79,128626763,3466.81
2024-03-28,3498.48,3520.96,3551.21,3489.39,143334717,3465.1963333333333
2024-03-29,3516.88,3537.48,3538.24,3516.88,128643290,3463.9012500000003
2024-04-01,3551.58,3595.65,3600.92,3551.58,162776561,3463.0274999999997
2024-04-02,3593.22,3580.68,3596.19,3568.75,141272972,3462.1204999999995
2024-04-03,3578.68,3567.8,3582.43,3558.87,135592331,3461.1460833333335
2024-04-08,3553.56,3536.41,3567.82,3535.77,155304283,3460.140083333333
2024-04-09,3533.38,3533.49,3543.71,3518.86,129670942,3459.022916666667
2024-04-10,3528.97,3504.71,3531.23,3490.05,128790274,3457.375666666667
2024-04-11,3485.03,3504.24,3520.59,3484.93,126534395,3456.0492499999996
2024-04-12,3505.75,3475.84,3516.7,3470.06,128921116,3454.7929166666668
2024-04-15,3473.5,3549.08,3552.41,3473.5,183941250,3454.0402499999996
2024-04-16,3533.36,3511.11,3545.5,3503.62,176153065,3453.2113333333336
2024-04-17,3509.13,3565.4,3565.94,3498.03,168466398,3453.476833333333
2024-04-18,3550.56,3569.8,3602.79,3547.6,178574105,3453.97025
2024-04-19,3550.61,3541.66,3560.95,3529.32,147281505,3454.5320833333335
2024-04-22,3536.18,3530.9,3558.16,3528.02,150579042,3454.8968333333332
2024-04-23,3525.67,3506.22,3533.76,3499.98,143113504,3454.9115
2024-04-24,3514.01,3521.62,3524.54,3495.65,121739851,3454.973833333333
2024-04-25,3510.64,3530.28,3543.97,3505.2,115187722,3454.7062500000006
2024-04-26,3531.96,3584.27,3588.4,3531.96,197216133,3454.710416666667
2024-04-29,3584.54,3623.91,3645.82,3578.76,222721381,3455.13875
2024-04-30,3619.26,3604.39,3630.71,3604.39,191296899,3455.4167499999994
2024-05-06,3654.05,3657.88,3668.26,3645.74,208018007,3456.2808333333332
2024-05-07,3657.0,3659.01,3665.68,3648.38,164834286,3456.90475
2024-05-08,3650.75,3630.22,3650.94,3628.7,130035336,3456.884833333334
2024-05-09,3630.41,3664.56,3669.76,3630.41,146559017,3457.258166666667
2024-05-10,3669.09,3666.28,3674.61,3641.76,150720536,3457.71825
2024-05-13,3646.35,3664.69,3673.62,3634.6,157267455,3458.1504166666664
2024-05-14,3668.23,3657.05,3675.78,3646.71,133406490,3458.7384166666666
2024-05-15,3651.05,3626.06,3656.53,3624.0,123522764,3459.127166666666
2024-05-16,3636.6,3640.36,3657.48,3626.33,154630503,3459.613
2024-05-17,3638.56,3677.97,3677.97,3627.45,164570417,3460.202333333333
2024-05-20,3682.06,3690.96,3703.03,3677.44,184609423,3461.190666666667
2024-05-21,3682.29,3676.16,3684.61,3665.15,130678283,3462.0914166666666
2024-05-22,3675.65,3684.45,3691.88,3667.09,151914605,3462.9925
2024-05-23,3672.84,3641.79,3674.37,3633.51,142572990,3463.4985
2024-05-24,3630.83,3601.48,3650.87,3599.67,124791177,3463.974
2024-05-27,3606.65,3635.71,3638.15,3603.71,131272644,3464.59225
2024-05-28,3633.25,3609.17,3638.97,3605.92,123532238,3465.1852500000005
2024-05-29,3609.07,3613.52,3633.2,3602.82,115906321,3466.03175
2024-05-30,3607.05,3594.31,3624.04,3586.75,122602995,3466.663333333333
2024-05-31,3599.82,3579.92,3614.64,3579.92,112462019,3467.42675
2024-06-03,3577.38,3588.75,3600.6,3567.87,141054591,3468.198
2024-06-04,3583.81,3615.67,3622.5,3580.28,124545096,3469.304583333333
2024-06-05,3610.36,3594.79,3623.32,3594.11,110906766,3470.4266666666667
2024-06-06,3602.16,3592.25,3625.01,3584.17,137893517,3472.0765833333335
2024-06-07,3594.63,3574.11,3603.07,3552.09,131103026,3473.530833333333
2024-06-11,3555.82,3542.88,3565.31,3525.89,134522306,3474.7941666666666
2024-06-12,3539.09,3544.12,3551.17,3531.57,122813729,3475.999666666666
2024-06-13,3548.22,3526.13,3551.08,3520.18,123245462,3476.8886666666663
2024-06-14,3514.8,3541.53,3547.15,3503.52,171516942,3477.8447499999997
2024-06-17,3521.44,3536.2,3540.79,3520.74,137433438,3479.233
2024-06-18,3533.49,3545.59,3551.71,3532.78,123671838,3480.846583333333
2024-06-19,3543.36,3528.75,3543.36,3524.84,106642797,3482.406583333333
2024-06-20,3525.17,3503.28,3533.99,3500.13,111617396,3483.8558333333335
2024-06-21,3496.34,3495.62,3505.51,3473.83,109186615,3485.2023333333336
2024-06-24,3473.64,3476.81,3505.78,3471.22,117990184,3486.6965833333334
2024-06-25,3475.16,3457.9,3483.22,3440.65,118448118,3487.7551666666673
2024-06-26,3451.54,3480.26,3487.4,3442.3,105898861,3488.947083333333
2024-06-27,3467.29,3454.12,3471.14,3452.58,114918101,3489.836
2024-06-28,3443.67,3461.66,3484.68,3443.67,135409153,3490.9765833333336
2024-07-01,3458.26,3478.18,3479.95,3443.81,121829770,3492.1584166666667
2024-07-02,3472.45,3471.79,3488.32,3464.52,121650121,3492.6355
2024-07-03,3471.56,3463.41,3478.7,3454.99,103857108,3492.904666666667
2024-07-04,3468.3,3445.81,3483.31,3444.93,104429909,3493.400166666667
2024-07-05,3443.36,3431.06,3451.04,3399.67,116609659,3493.8398333333334
2024-07-08,3420.8,3401.76,3428.04,3395.91,115528218,3494.2957499999998
2024-07-09,3396.8,3439.81,3448.93,3384.81,131629443,3495.21825
2024-07-10,3425.88,3428.97,3447.51,3423.65,127203456,3496.4091666666664
2024-07-11,3451.04,3468.17,3473.98,3438.12,145892466,3497.8730833333334
2024-07-12,3459.96,3472.4,3479.1,3457.36,130874589,3499.500333333333
2024-07-15,3462.61,3476.25,3481.46,3460.79,118517083,3501.005166666667
2024-07-16,3466.85,3498.28,3500.29,3464.37,120659017,3502.789416666667
2024-07-17,3494.21,3501.58,3514.48,3486.22,131802062,3504.6282499999998
2024-07-18,3483.3,3520.93,3522.8,3475.72,123768199,3506.4619999999995
2024-07-19,3500.81,3539.02,3545.34,3493.07,132447975,3509.0448333333334
2024-07-22,3538.4,3514.92,3540.19,3494.01,132126337,3511.046416666666
2024-07-23,3509.79,3439.88,3509.79,3439.88,128897660,3512.4639166666666
2024-07-24,3432.35,3418.17,3451.42,3408.41,127036263,3514.1245
2024-07-25,3404.61,3399.27,3415.86,3383.8,131022242,3515.519
2024-07-26,3403.71,3409.29,3420.82,3388.66,124195558,3516.6205
2024-07-29,3404.37,3390.74,3408.5,3388.84,109787786,3517.0190000000002
2024-07-30,3380.69,3369.38,3380.69,3352.8,104952164,3517.3153333333335
2024-07-31,3364.03,3442.08,3445.0,3364.03,171959177,3518.466333333333
2024-08-01,3443.14,3419.27,3448.34,3419.19,136323464,3519.91825
2024-08-02,3393.92,3384.39,3419.1,3380.96,116615255,3521.3269166666664
2024-08-05,3362.11,3343.32,3409.03,3343.32,142812516,3522.373666666667
2024-08-06,3367.35,3342.98,3376.8,3318.63,119340279,3523.734916666667
2024-08-07,3338.59,3341.49,3362.38,3329.97,95084377,3524.9105
2024-08-08,3332.43,3342.94,3364.79,3320.84,92495695,3525.170916666667
2024-08-09,3358.13,3331.63,3366.67,3331.63,91511626,3525.0709166666666
2024-08-12,3327.56,3325.86,3338.08,3319.89,79938754,3524.7453333333333
2024-08-13,3328.01,3334.39,3335.01,3310.19,84489679,3524.1668333333337
2024-08-14,3332.79,3309.24,3332.79,3309.1,78742407,3523.320083333333
2024-08-15,3301.45,3341.95,3356.76,3297.97,104766399,3522.3624166666664
2024-08-16,3342.03,3345.63,3356.91,3335.62,96519083,3521.1870833333332
2024-08-19,3344.26,3356.97,3375.96,3343.71,105571110,3520.080666666667
2024-08-20,3361.64,3332.7,3362.33,3321.64,101668331,3519.0751666666665
2024-08-21,3322.91,3321.64,3339.44,3307.99,89954751,3517.63225
2024-08-22,3322.87,3313.14,3327.7,3305.25,100366504,3516.4895833333335
2024-08-23,3305.93,3327.19,3336.24,3305.64,89525774,3514.9155
2024-08-26,3330.72,3324.22,3336.53,3311.57,93990772,3513.1356666666666
2024-08-27,3315.69,3305.33,3320.57,3299.56,95808157,3511.172833333333
2024-08-28,3298.91,3286.5,3305.35,3274.59,92696650,3508.84775
2024-08-29,3273.54,3277.68,3290.79,3269.53,130702333,3506.5696666666668
2024-08-30,3273.75,3321.43,3351.63,3273.65,188695443,3504.833916666667
2024-09-02,3307.54,3265.01,3307.76,3264.76,147612353,3502.5014166666665
2024-09-03,3261.74,3273.43,3281.59,3261.19,122897306,3499.8695
2024-09-04,3253.9,3252.16,3272.99,3249.98,104832482,3496.99175
2024-09-05,3252.96,3257.76,3266.88,3247.17,97109450,3494.3700833333332
2024-09-06,3261.15,3231.35,3274.81,3231.07,88400417,3491.612833333333
2024-09-09,3214.8,3192.95,3222.93,3180.93,108673069,3488.4708333333333
2024-09-10,3193.46,3195.76,3205.1,3171.79,97290078,3485.07275
2024-09-11,3187.05,3186.13,3197.34,3174.03,102482110,3481.81025
2024-09-12,3189.43,3172.47,3201.55,3171.88,92868657,3478.3693333333335
2024-09-13,3174.03,3159.25,3188.91,3159.25,88336677,3474.854
2024-09-18,3158.82,3171.01,3179.9,3145.79,84722814,3471.7374166666664
2024-09-19,3178.4,3196.04,3213.84,3149.79,125439272,3468.98975
2024-09-20,3192.43,3201.05,3207.99,3173.22,118064098,3466.1339166666667
2024-09-23,3200.87,3212.76,3230.16,3198.02,95344855,3463.7169999999996
2024-09-24,3244.65,3351.91,3351.97,3222.49,204072217,3462.3082500000005
2024-09-25,3403.7,3401.53,3465.49,3393.44,241564255,3461.175333333333
2024-09-26,3399.32,3545.32,3545.32,3391.68,243134010,3460.755916666667
2024-09-27,3617.92,3703.68,3708.5,3596.58,265487774,3461.780916666667
2024-09-30,3846.65,4017.85,4038.7,3796.5,510217707,3465.5313333333334
2024-10-08,4450.37,4256.1,4450.37,4094.35,589867894,3471.52875
2024-10-09,4168.84,3955.98,4197.6,3942.51,482269295,3475.0495
2024-10-10,3979.61,3997.79,4098.5,3912.77,395053099,3479.1585
2024-10-11,3969.76,3887.17,3978.24,3847.12,274096505,3482.3495833333336
2024-10-14,3915.22,3961.34,3979.54,3868.78,307578993,3486.3954166666663
2024-10-15,3942.53,3855.99,3967.87,3855.99,242486448,3488.9530000000004
2024-10-16,3806.14,3831.59,3877.75,3805.09,218866407,3491.6236666666664
2024-10-17,3853.84,3788.22,3882.07,3787.75,212313820,3493.4805
2024-10-18,3780.31,3925.23,3998.21,3765.16,312958834,3496.4424166666668
2024-10-21,3946.9,3935.2,3979.26,3896.17,291185634,3499.721916666667
2024-10-22,3923.74,3957.78,3965.91,3917.52,223433396,3503.27925
2024-10-23,3955.32,3973.21,4012.18,3939.1,245873949,3507.170833333333
2024-10-24,3950.9,3928.83,3957.98,3914.09,174724062,3510.5642500000004
2024-10-25,3931.32,3956.42,3992.89,3921.94,210694885,3514.1154166666665
2024-10-28,3953.11,3964.16,3964.16,3917.2,216160415,3517.2811666666666
2024-10-29,3970.01,3924.65,3991.31,3921.58,217293984,3519.787333333333
2024-10-30,3904.16,3889.45,3926.06,3864.31,219436626,3522.1628333333338
2024-10-31,3888.42,3891.04,3923.9,3859.11,300636718,3524.1058333333335
2024-11-01,3882.46,3890.02,3933.22,3879.96,307986481,3526.030916666667
2024-11-04,3897.71,3944.76,3944.76,3891.21,229239060,3528.6520833333334
2024-11-05,3937.62,4044.57,4046.7,3925.41,316862794,3531.8188333333333
2024-11-06,4051.29,4024.28,4091.7,4002.5,335807938,3534.802166666667
2024-11-07,3987.27,4145.7,4146.15,3984.67,341436414,3538.8105833333334
2024-11-08,4192.08,4104.05,4200.91,4094.16,332350385,3542.5355833333333
2024-11-11,4066.93,4131.13,4132.51,4048.04,289594227,3546.7445000000002
2024-11-12,4133.35,4085.74,4181.71,4060.79,297778086,3550.4559999999997
2024-11-13,4059.59,4110.89,4121.07,4059.59,240484099,3554.063666666667
2024-11-14,4101.22,4039.62,4118.17,4034.94,230152784,3556.9691666666668
2024-11-15,4025.65,3968.83,4049.07,3968.83,247399463,3559.4080833333337
2024-11-18,3982.1,3950.38,4034.06,3931.19,306777946,3561.624166666667
2024-11-19,3954.6,3976.89,3979.15,3896.75,242946465,3564.4166666666665
2024-11-20,3966.12,3985.77,4001.08,3958.34,184599372,3567.619083333333
2024-11-21,3979.46,3989.3,3999.57,3966.07,166125927,3570.565666666667
2024-11-22,3984.24,3865.7,3990.26,3865.7,216285809,3572.7034166666663
2024-11-25,3875.61,3848.09,3889.71,3812.32,190702953,3574.658166666667
2024-11-26,3836.26,3840.18,3875.23,3833.28,149892441,3576.7070833333337
2024-11-27,3829.34,3907.04,3907.16,3817.91,174136096,3579.433083333333
2024-11-28,3904.25,3872.55,3908.39,3866.01,150117291,3581.798083333333
2024-11-29,3869.89,3916.58,3962.7,3869.89,187656713,3584.3056666666666
2024-12-02,3909.7,3947.63,3955.13,3902.17,197289784,3587.246
2024-12-03,3946.7,3951.89,3963.95,3922.84,182496867,3590.2430000000004
2024-12-04,3948.13,3930.56,3957.37,3917.75,174626318,3593.213416666667
2024-12-05,3916.56,3921.59,3936.34,3910.08,138534038,3596.3693333333335
2024-12-06,3923.9,3973.14,3995.12,3923.9,192057907,3599.9445
2024-12-09,3970.66,3966.57,3995.51,3948.42,175959958,3603.6148333333335
2024-12-10,4094.05,3995.64,4098.38,3988.97,253463795,3607.3990833333332
2024-12-11,3988.02,3988.83,4005.33,3977.35,177252846,3611.171
2024-12-12,3987.15,4028.5,4031.74,3981.35,181621777,3615.1952499999998
2024-12-13,4000.99,3933.18,4000.99,3931.74,230353079,3618.5655
2024-12-16,3930.78,3911.84,3938.76,3901.65,178511251,3621.9701666666665
2024-12-17,3908.13,3922.03,3955.95,3908.13,160939090,3625.5235833333336
2024-12-18,3934.54,3941.89,3956.14,3933.97,157738321,3629.39925
2024-12-19,3911.89,3945.46,3954.35,3899.75,161081040,3633.4622499999996
2024-12-20,3937.47,3927.74,3958.63,3923.26,154986496,3637.1912500000003
2024-12-23,3928.15,3933.57,3965.85,3928.15,190067362,3641.186666666667
2024-12-24,3934.94,3983.69,3985.86,3934.73,161494589,3645.5369166666665
2024-12-25,3987.96,3985.63,4007.76,3969.48,159390747,3649.7656666666667
2024-12-26,3981.73,3987.48,3991.53,3965.55,143425286,3654.0630833333335
2024-12-27,3987.02,3981.03,4007.13,3970.94,169268666,3658.376583333333
2024-12-30,3976.7,3999.05,4005.78,3976.7,164612485,3662.9869166666667
2024-12-31,3995.87,3934.91,4004.35,3934.91,183928397,3667.1856666666663
2025-01-02,3931.82,3820.4,3934.2,3796.34,217898724,3670.6743333333334
2025-01-03,3825.24,3775.16,3835.94,3767.67,175342676,3673.4689166666662
2025-01-06,3775.99,3768.97,3788.85,3743.07,150946670,3676.30225
2025-01-07,3760.87,3796.11,3797.6,3749.06,146455779,3679.035083333333
2025-01-08,3781.26,3789.22,3810.74,3731.19,169166968,3681.6752500000002
2025-01-09,3780.73,3779.88,3795.26,3768.68,129794002,3684.2055000000005
2025-01-10,3778.89,3732.48,3786.81,3732.48,137523171,3686.1571666666664
2025-01-13,3704.44,3722.51,3737.89,3704.11,136446199,3687.99825
2025-01-14,3728.56,3820.54,3826.64,3718.88,170664657,3690.4950000000003
2025-01-15,3810.04,3796.03,3816.83,3790.17,141475520,3692.63675
2025-01-16,3812.19,3800.38,3842.95,3776.29,144505871,3695.015583333334
2025-01-17,3788.37,3812.34,3831.64,3780.21,126621961,3698.119416666667
2025-01-20,3835.3,3829.68,3858.67,3821.98,139581277,3701.5486666666666
2025-01-21,3850.36,3832.61,3850.91,3817.12,141218406,3705.159833333333
2025-01-22,3823.94,3797.02,3823.94,3783.14,137255062,3708.3909166666663
2025-01-23,3829.05,3803.74,3864.26,3801.85,180569551,3711.8325833333333
2025-01-24,3793.85,3832.86,3847.6,3793.48,148971722,3715.694916666667
2025-01-27,3836.96,3817.08,3852.0,3817.08,146670772,3718.819916666667
2025-02-05,3844.7,3795.08,3844.7,3785.16,157168308,3721.951666666667
2025-02-06,3789.61,3842.83,3843.49,3788.32,167288176,3725.772
2025-02-07,3844.06,3892.7,3919.35,3833.87,221857707,3730.350166666666
2025-02-10,3898.1,3901.06,3906.37,3878.83,188903040,3735.0008333333335
2025-02-11,3905.16,3883.14,3905.16,3872.91,166574909,3739.514583333333
2025-02-12,3875.96,3919.86,3920.72,3867.35,164228540,3744.32225
2025-02-13,3913.9,3905.14,3939.2,3904.98,172485874,3749.1014999999998
2025-02-14,3900.83,3939.01,3942.04,3900.83,172976452,3754.2110833333336
2025-02-17,3954.41,3947.4,3955.9,3921.7,213588246,3759.3195
2025-02-18,3942.58,3912.78,3965.42,3901.87,209425101,3764.349
2025-02-19,3906.22,3940.16,3943.67,3904.15,182829517,3769.3340833333336
2025-02-20,3934.65,3928.9,3940.68,3916.18,163895236,3774.1946666666668
2025-02-21,3938.05,3978.44,3981.05,3927.79,227400330,3779.373583333333
2025-02-24,3972.48,3969.72,3995.95,3949.23,220810618,3784.6820833333336
2025-02-25,3933.64,3925.65,3955.43,3915.65,178108580,3789.7155
2025-02-26,3931.84,3959.94,3960.33,3925.37,191062501,3795.1054999999997
2025-02-27,3961.06,3968.12,3973.93,3933.46,202887963,3800.446583333333
2025-02-28,3950.19,3890.05,3972.48,3886.4,198104147,3805.1618333333336
2025-03-03,3899.7,3888.47,3930.0,3872.59,177623166,3810.021333333333
2025-03-04,3865.99,3885.22,3890.42,3855.73,149850967,3815.010666666667
2025-03-05,3887.8,3902.57,3906.42,3877.02,158652751,3820.218083333333
2025-03-06,3923.38,3956.24,3964.49,3917.08,193960915,3825.508166666667
2025-03-07,3944.91,3944.01,3967.07,3935.05,166732375,3831.1665
2025-03-10,3945.58,3928.8,3949.14,3905.13,152765232,3836.627916666667
2025-03-11,3890.43,3941.42,3941.42,3889.43,144754402,3842.37175
2025-03-12,3946.86,3927.23,3953.61,3921.47,156732190,3847.9506666666666
2025-03-13,3925.74,3911.58,3939.29,3897.38,156536443,3853.61925
2025-03-14,3919.62,4006.56,4014.16,3919.62,216139003,3860.3993333333333
2025-03-17,4020.64,3996.79,4021.73,3992.26,162202911,3867.0745833333335
2025-03-18,4011.78,4007.72,4016.87,3995.96,140208496,3873.921166666667
2025-03-19,4004.83,4010.17,4025.3,3989.51,144419428,3880.902
2025-03-20,4011.06,3974.99,4012.04,3969.93,133754670,3887.699833333333
2025-03-21,3966.51,3914.7,3983.15,3904.77,165905294,3893.89725
2025-03-24,3916.11,3934.85,3938.18,3907.2,152234674,3900.0539999999996
2025-03-25,3937.9,3932.3,3946.36,3921.53,140475399,3906.1477500000005
2025-03-26,3930.21,3919.36,3942.03,3916.86,131164187,3912.0360833333334
2025-03-27,3911.38,3932.41,3952.99,3903.65,126793738,3916.873583333333
2025-03-28,3930.78,3915.17,3934.23,3907.38,126356214,3921.153916666667
2025-03-31,3905.98,3887.31,3928.45,3872.4,166798523,3924.0038333333337
2025-04-01,3892.78,3887.68,3905.26,3882.4,140380274,3925.537166666667
2025-04-02,3884.42,3884.39,3900.49,3877.16,113043175,3924.425
2025-04-03,3843.42,3861.5,3883.7,3843.42,142599789,3921.1366666666668
2025-04-07,3675.2,3589.44,3707.78,3514.12,312578586,3918.0821666666666
2025-04-08,3597.99,3650.76,3650.76,3583.87,280197312,3915.1902499999997
2025-04-09,3606.1,3686.79,3686.79,3587.34,262305708,3913.5204166666667
2025-04-10,3749.13,3735.12,3756.14,3708.82,227252227,3911.6352500000003
2025-04-11,3730.31,3750.52,3762.37,3708.46,168759691,3910.756333333333
2025-04-14,3772.04,3759.14,3776.63,3754.03,164462403,3910.1525833333335
2025-04-15,3756.48,3761.23,3764.49,3737.85,134006040,3909.927666666667
2025-04-16,3757.88,3772.82,3775.17,3721.6,156359006,3908.657583333333
2025-04-17,3755.09,3772.22,3779.13,3749.5,122371002,3907.2994166666667
2025-04-18,3760.04,3772.52,3782.04,3754.41,102948509,3905.7555833333336
2025-04-21,3768.14,3784.88,3790.18,3763.14,121355730,3904.1861666666664
2025-04-22,3780.11,3783.95,3799.23,3778.08,125688257,3902.978833333333
2025-04-23,3803.43,3786.88,3807.95,3780.52,131986870,3901.566
2025-04-24,3787.46,3784.36,3807.26,3775.21,117164560,3900.067666666667
2025-04-25,3792.08,3786.99,3801.58,3780.78,124591133,3898.9205
2025-04-28,3786.39,3781.62,3792.01,3772.8,125145091,3898.0219166666666
2025-04-29,3776.0,3775.08,3785.32,3768.03,111514694,3897.0555833333333
2025-04-30,3775.83,3770.57,3787.56,3768.76,143681658,3896.0601666666666
2025-05-06,3794.38,3808.54,3809.09,3782.78,158520459,3894.925
2025-05-07,3861.58,3831.63,3863.68,3814.99,161172299,3893.1505
2025-05-08,3820.55,3852.9,3867.33,3816.26,124959833,3891.722333333333
2025-05-09,3848.62,3846.16,3853.66,3836.53,119389526,3889.226166666667
2025-05-12,3866.53,3890.61,3890.73,3859.03,153332460,3887.4475
2025-05-13,3915.59,3896.26,3915.59,3890.69,147320299,3885.4902500000003
2025-05-14,3894.84,3943.21,3960.52,3890.65,172033779,3884.3025
2025-05-15,3934.03,3907.2,3936.47,3904.91,138081749,3882.6050833333334
2025-05-16,3898.67,3889.09,3903.85,3874.86,118405345,3881.3506666666667
2025-05-19,3882.57,3877.15,3885.59,3866.57,98643414,3880.5866666666666
2025-05-20,3883.1,3898.17,3911.47,3881.74,104885234,3880.1515833333333
2025-05-21,3899.44,3916.38,3928.63,3899.44,109791343,3879.6473333333333
2025-05-22,3912.6,3913.87,3923.02,3903.09,107597052,3879.048166666667
2025-05-23,3910.37,3882.27,3931.55,3882.27,120277419,3878.15625
2025-05-26,3875.79,3860.11,3884.54,3849.04,109601207,3878.1096666666663
2025-05-27,3857.63,3839.4,3865.43,3834.85,98572425,3878.03725
2025-05-28,3843.07,3836.24,3849.74,3833.96,89031026,3878.004416666666
2025-05-29,3838.01,3858.7,3869.79,3831.46,108471886,3877.6015833333336
2025-05-30,3850.49,3840.23,3858.61,3829.25,111672228,3877.33225
2025-06-03,3833.46,3852.01,3863.3,3832.72,131403090,3876.7941666666666
2025-06-04,3855.49,3868.74,3875.86,3855.49,116803873,3876.1367499999997
2025-06-05,3872.64,3877.56,3883.13,3861.27,122878184,3875.5173333333328
2025-06-06,3878.1,3873.98,3889.46,3869.39,110987971,3875.045833333333
2025-06-09,3877.8,3885.25,3894.65,3871.99,136306293,3874.7430000000004
2025-06-10,3887.55,3865.47,3897.46,3850.47,145563859,3873.84575
2025-06-11,3870.67,3894.63,3911.61,3870.67,142414772,3873.2462499999997
2025-06-12,3885.52,3892.2,3900.04,3870.38,133998697,3872.38425
2025-06-13,3881.49,3864.18,3889.16,3853.82,172539536,3871.3455000000004
2025-06-16,3853.62,3873.8,3876.17,3853.62,137341835,3870.0563333333334
2025-06-17,3875.18,3870.38,3880.42,3860.41,122342526,3869.533
2025-06-18,3871.65,3874.97,3881.35,3854.66,127528621,3869.22575
2025-06-19,3870.05,3843.09,3872.94,3834.95,130280658,3868.5679166666664
2025-06-20,3839.78,3846.64,3856.48,3839.78,118151020,3867.774166666667
2025-06-23,3831.17,3857.9,3867.59,3827.08,133800892,3867.0445000000004
2025-06-24,3862.39,3904.03,3914.16,3862.39,163656188,3866.846916666667
2025-06-25,3907.07,3960.07,3963.04,3902.18,187213671,3867.06775
2025-06-26,3953.16,3946.02,3964.48,3945.26,165316263,3866.7538333333337
2025-06-27,3949.79,3921.76,3969.26,3918.2,194557913,3866.221583333333
2025-06-30,3920.31,3936.08,3940.36,3911.6,145170236,3865.79325
2025-07-01,3935.91,3942.76,3946.25,3924.72,128959362,3865.474333333333
2025-07-02,3943.32,3943.68,3952.14,3929.7,147063062,3865.0129166666666
2025-07-03,3949.4,3968.07,3971.62,3945.14,141004006,3865.2892500000003
2025-07-04,3967.46,3982.2,4013.85,3958.38,157197133,3866.6375833333336
2025-07-07,3977.29,3965.17,3979.75,3956.57,131135273,3868.221
2025-07-08,3965.43,3998.45,4002.27,3965.43,156402895,3870.133333333333
2025-07-09,3997.5,3991.4,4016.74,3987.43,173293796,3871.7607500000004
2025-07-10,3993.42,4010.02,4032.98,3992.52,209778904,3873.6007499999996
2025-07-11,4011.47,4014.81,4065.94,4010.11,262052773,3875.5584999999996
2025-07-14,4021.21,4017.67,4034.92,4017.67,207917175,3877.9350833333333
2025-07-15,4023.99,4019.06,4042.66,3994.26,191042931,3880.4063333333334
2025-07-16,4019.39,4007.2,4027.86,3993.92,151027308,3881.9618333333333
2025-07-17,4005.07,4034.49,4034.59,4005.07,161249041,3883.949
2025-07-18,4039.87,4058.55,4064.64,4039.32,186211063,3886.1004166666667
2025-07-21,4069.77,4085.61,4086.12,4063.44,223268476,3888.3776666666668
2025-07-22,4087.34,4118.96,4119.2,4068.34,257596985,3890.7883333333334
2025-07-23,4129.15,4119.77,4155.68,4113.91,300506154,3893.1813333333334
2025-07-24,4116.83,4149.04,4152.43,4111.88,319632392,3896.1148333333335
2025-07-25,4145.32,4127.16,4150.5,4117.8,273594963,3898.81
2025-07-28,4128.2,4135.82,4146.12,4112.97,222759815,3901.3346666666666
2025-07-29,4132.68,4152.02,4153.33,4117.58,230807880,3904.1258333333335
2025-07-30,4148.94,4151.24,4185.21,4127.43,249853048,3907.0938333333334
2025-07-31,4141.56,4075.59,4141.82,4063.67,267087406,3909.0334999999995
2025-08-01,4069.93,4054.93,4085.35,4040.46,196221826,3910.3854166666665
2025-08-04,4037.94,4070.7,4070.7,4037.94,162275902,3911.799083333333
2025-08-05,4080.39,4103.45,4106.3,4075.58,178851999,3913.635
2025-08-06,4100.43,4113.49,4116.71,4098.35,176676155,3915.248583333333
2025-08-07,4120.28,4114.67,4129.74,4094.82,198641902,3916.9946666666665
2025-08-08,4109.27,4104.97,4122.21,4097.42,173171201,3918.3776666666668
2025-08-11,4110.29,4122.51,4134.25,4103.61,190443716,3919.8369166666666
2025-08-12,4123.58,4143.83,4153.29,4121.22,177287823,3921.7623333333336
2025-08-13,4150.5,4176.58,4186.75,4147.2,213934999,3923.7324999999996
2025-08-14,4179.97,4173.31,4220.31,4165.94,221103595,3925.76925
2025-08-15,4162.42,4202.35,4214.73,4157.5,261327566,3927.635166666667
2025-08-18,4218.25,4239.41,4272.96,4203.42,301479102,3929.882583333333
2025-08-19,4241.77,4223.37,4264.23,4215.21,250818771,3932.3635833333333
2025-08-20,4208.4,4271.4,4272.15,4190.56,246481773,3934.9590833333336
2025-08-21,4284.37,4288.07,4308.45,4273.65,259030014,3937.625333333334
2025-08-22,4287.36,4378.0,4378.39,4287.36,290434897,3941.6915833333333
2025-08-25,4416.29,4469.22,4472.65,4404.78,358090006,3946.5311666666666
2025-08-26,4453.35,4452.59,4476.8,4435.53,270621395,3951.25925
2025-08-27,4458.84,4386.13,4494.91,4386.13,333133898,3955.288916666667
2025-08-28,4378.04,4463.78,4464.8,4364.17,296834536,3959.5184166666663
2025-08-29,4455.8,4496.76,4516.84,4452.36,351938947,3964.124666666667
2025-09-01,4516.88,4523.71,4528.13,4487.53,320366708,3969.08225
2025-09-02,4521.98,4490.45,4548.89,4454.42,303932566,3973.6575
2025-09-03,4501.34,4459.83,4510.73,4427.52,254320217,3978.0958333333333
2025-09-04,4461.25,4365.21,4465.5,4327.51,307934609,3981.8760833333336
2025-09-05,4365.61,4460.32,4466.56,4350.3,249625657,3985.657416666667
2025-09-08,4467.17,4467.57,4482.76,4438.07,267638382,3989.580583333334
2025-09-09,4448.74,4436.26,4472.09,4412.69,221375460,3993.1517499999995
2025-09-10,4438.3,4445.36,4466.63,4414.59,203597646,3996.7783333333336
2025-09-11,4438.84,4548.03,4548.03,4427.92,253264051,4001.5536666666667
2025-09-12,4544.59,4522.0,4564.67,4517.79,266442003,4006.6145
2025-09-15,4534.89,4533.06,4566.91,4522.5,231885678,4011.5995833333336
2025-09-16,4539.92,4523.34,4552.42,4494.79,249269206,4016.5249166666667
2025-09-17,4517.29,4551.02,4556.03,4503.8,235716472,4021.7887499999997
2025-09-18,4546.03,4498.11,4573.83,4454.99,309859826,4026.502916666667
2025-09-19,4499.09,4501.92,4533.09,4491.84,225044000,4031.3925
2025-09-22,4512.03,4522.61,4523.87,4487.13,196459956,4036.6866666666665
2025-09-23,4536.76,4519.78,4560.73,4459.73,252827062,4041.954166666667
2025-09-24,4495.27,4566.07,4567.49,4494.11,220482608,4047.634833333333
2025-09-25,4563.98,4593.49,4613.95,4558.84,229823333,4053.73475
2025-09-26,4576.91,4550.05,4597.85,4550.05,208482114,4061.7398333333335
2025-09-29,4555.03,4620.05,4647.57,4541.43,274358877,4069.81725
2025-09-30,4629.9,4640.69,4647.5,4616.22,247980359,4077.7664166666664
2025-10-09,4662.11,4709.48,4726.34,4651.99,347678696,4085.886083333333
2025-10-10,4679.5,4616.83,4692.59,4600.96,319020899,4093.1053333333334
2025-10-13,4490.87,4593.98,4601.81,4490.87,315010354,4100.062333333333
2025-10-14,4634.05,4539.06,4641.45,4520.93,372954030,4106.54425
2025-10-15,4544.24,4606.29,4608.82,4526.83,284771855,4113.489833333334
2025-10-16,4588.92,4618.42,4645.1,4586.28,248235518,4120.5415
2025-10-17,4610.7,4514.23,4618.56,4509.33,256905617,4126.7224166666665
2025-10-20,4558.24,4538.22,4570.44,4520.5,218420405,4133.00025
2025-10-21,4556.12,4607.87,4615.46,4547.93,215711175,4139.86625
2025-10-22,4576.03,4592.57,4603.49,4567.24,185333960,4146.580333333333
2025-10-23,4578.7,4606.34,4611.34,4541.69,200463917,4153.430166666667
2025-10-24,4622.79,4660.68,4660.68,4622.79,208814483,4160.710916666667
2025-10-27,4699.38,4716.02,4720.43,4687.69,262200674,4168.497583333333
2025-10-28,4697.73,4691.97,4734.32,4679.23,220906645,4176.138333333333
2025-10-29,4701.04,4747.84,4747.84,4697.27,246211324,4184.28225
2025-10-30,4735.98,4709.91,4761.83,4706.45,273289118,4191.7936666666665
2025-10-31,4702.49,4640.67,4706.14,4640.67,281464740,4198.535666666667
2025-11-03,4636.73,4653.4,4653.4,4595.73,239869809,4205.2065
2025-11-04,4649.35,4618.7,4665.32,4595.07,233224032,4211.644333333333
2025-11-05,4562.11,4627.26,4642.61,4558.76,203045871,4217.783083333333
2025-11-06,4642.01,4693.4,4698.09,4642.01,224241008,4224.425916666666
2025-11-07,4673.76,4678.79,4701.37,4666.04,212497377,4230.55575
2025-11-10,4688.12,4695.05,4695.18,4654.21,236026764,4237.121166666667
2025-11-11,4706.34,4652.17,4707.13,4648.49,186638858,4243.480166666666
2025-11-12,4643.56,4645.91,4669.61,4620.99,209460592,4249.8865
2025-11-13,4643.79,4702.07,4703.49,4643.79,207367474,4256.585666666667
2025-11-14,4663.32,4628.14,4684.26,4628.02,192092676,4262.517000000001
2025-11-17,4616.81,4598.05,4624.9,4580.26,188955466,4268.2185
2025-11-18,4584.79,4568.19,4606.62,4552.8,177713185,4273.9345
2025-11-19,4568.04,4588.29,4607.86,4568.04,172924974,4280.002666666666
2025-11-20,4619.54,4564.95,4620.65,4560.18,194562593,4286.048916666667
2025-11-21,4513.39,4453.61,4527.04,4453.18,222851013,4291.193666666667
2025-11-24,4473.16,4448.05,4478.81,4421.81,185833729,4296.104916666667
2025-11-25,4475.84,4490.4,4510.77,4467.35,169571929,4301.523
2025-11-26,4490.2,4517.63,4538.14,4485.7,156200368,4307.069833333333
2025-11-27,4520.01,4515.4,4559.22,4509.86,150311772,4312.458666666667
2025-11-28,4511.5,4526.66,4531.72,4492.43,142902096,4317.867833333334
2025-12-01,4539.19,4576.49,4576.97,4531.29,200382317,4323.722083333333
2025-12-02,4571.91,4554.33,4575.49,4539.43,148493132,4329.29775
2025-12-03,4554.59,4531.05,4569.82,4523.5,169762790,4334.84425
2025-12-04,4533.6,4546.57,4557.42,4514.19,147198110,4340.277083333333
2025-12-05,4547.91,4584.54,4593.83,4535.02,196799968,4346.046583333333
2025-12-08,4593.14,4621.75,4640.63,4592.74,199620990,4352.359666666666
2025-12-09,4611.38,4598.22,4628.7,4584.25,184160344,4358.3965
2025-12-10,4586.25,4591.83,4598.54,4549.08,169111106,4364.408583333334
2025-12-11,4597.19,4552.18,4610.28,4547.14,168419405,4370.052
2025-12-12,4558.74,4580.95,4583.68,4530.78,212826520,4376.200833333333
2025-12-15,4550.0,4552.06,4595.05,4548.44,167589967,4382.079333333333
2025-12-16,4542.42,4497.55,4553.08,4484.27,165165201,4387.40975
2025-12-17,4499.77,4579.88,4594.66,4498.93,178424830,4393.041833333334
2025-12-18,4553.98,4552.79,4571.97,4544.14,151681328,4397.9811666666665
2025-12-19,4561.37,4568.18,4591.09,4546.85,154876220,4403.1658333333335
2025-12-22,4587.67,4611.62,4615.87,4587.67,165252856,4408.914666666667
2025-12-23,4616.03,4620.73,4644.53,4607.8,169256412,4414.620083333333
2025-12-24,4623.68,4634.06,4639.43,4602.14,153711241,4420.380916666666
2025-12-25,4629.32,4642.54,4651.15,4621.92,139434186,4426.20475
2025-12-26,4639.79,4657.24,4676.13,4635.11,175396565,4431.947833333334
2025-12-29,4658.27,4639.37,4672.04,4629.06,200397133,4437.42425
2025-12-30,4617.32,4651.28,4664.33,4616.63,180374974,4443.141833333333
2025-12-31,4656.48,4629.94,4667.05,4622.1,170760224,4448.4042500000005
2026-01-05,4661.62,4717.75,4721.64,4661.62,234144839,4454.457166666666
2026-01-06,4719.21,4790.69,4790.69,4718.01,296970686,4460.962750000001
2026-01-07,4796.93,4776.67,4802.6,4751.07,259095564,4467.311583333332
2026-01-08,4761.01,4737.65,4765.49,4717.01,238804957,4473.311416666666
2026-01-09,4725.96,4758.92,4771.43,4719.13,254688038,4479.4769166666665
2026-01-12,4769.65,4789.92,4795.93,4737.57,294833165,4485.999583333334
2026-01-13,4798.05,4761.03,4836.95,4745.52,301449497,4492.054083333333
2026-01-14,4767.7,4741.93,4818.1,4720.25,364951023,4497.748916666666
2026-01-15,4721.8,4751.43,4769.55,4720.94,254003636,4503.297416666666
2026-01-16,4778.43,4731.87,4792.55,4715.36,325278929,4508.405
2026-01-19,4720.19,4734.46,4761.63,4715.09,267612492,4513.527416666667
2026-01-20,4736.91,4718.88,4748.23,4684.97,282719579,4518.276083333333
2026-01-21,4714.55,4723.07,4758.28,4714.24,266353332,4523.241999999999
2026-01-22,4741.75,4723.71,4757.76,4700.45,274199932,4528.141083333333
2026-01-23,4729.59,4702.5,4734.79,4684.62,314635445,4532.728416666666
2026-01-26,4715.38,4706.96,4754.18,4693.16,363004481,4537.359416666667
2026-01-27,4705.17,4705.69,4736.99,4675.64,301475697,4542.61025
2026-01-28,4725.6,4717.99,4739.63,4697.91,382255602,4548.1357499999995
2026-01-29,4733.09,4753.87,4770.96,4696.05,415513055,4553.828833333333
2026-01-30,4723.08,4706.34,4738.87,4645.47,319786531,4558.852916666667
2026-02-02,4674.28,4605.98,4716.61,4601.76,304773500,4562.956999999999
2026-02-03,4648.36,4660.11,4662.13,4578.21,265549405,4567.502333333334
2026-02-04,4647.97,4698.68,4701.48,4641.84,264881032,4572.449916666667
2026-02-05,4664.75,4670.42,4687.02,4639.43,237856351,4577.015833333334
2026-02-06,4622.97,4643.6,4678.26,4606.64,202716477,4581.180583333333
2026-02-09,4693.67,4719.06,4719.96,4679.9,207251938,4585.70125
2026-02-10,4718.26,4724.3,4732.09,4713.87,187000958,4590.292833333332
2026-02-11,4715.67,4713.82,4723.7,4703.69,173391681,4594.555083333334
2026-02-12,4720.01,4719.58,4726.04,4707.74,197841439,4598.5565
2026-02-13,4693.41,4660.41,4703.63,4658.4,189167756,4602.1984999999995
